date,open,high,low,close,volume
2015-10-19,18.5,18.5,16.48,16.55,1581576.0
2015-10-20,16.25,16.93,16.25,16.87,709632.0
2015-10-21,17.25,17.35,16.4,16.48,78598.0
2015-10-22,16.71,17.05,16.24,16.95,110000.0
2015-10-23,17.25,17.25,16.85,17.0,59910.0
2015-10-26,17.11,17.11,16.31,16.42,514799.0
2015-10-27,16.56,16.75,15.6,15.73,636017.0
2015-10-28,15.9,16.35,15.845,16.28,296321.0
2015-10-29,16.01,16.27,15.55,15.95,290446.0
2015-10-30,15.9,16.1,14.72,14.72,2449278.0
2015-11-02,14.99,15.17,13.86,14.49,40865891.0
2015-11-03,14.07,14.71,13.675,14.36,40205612.0
2015-11-04,14.39,14.51,13.61,13.66,31516491.0
2015-11-05,13.64,13.89,13.12,13.28,22189959.0
2015-11-06,13.18,14.48,13.15,14.4,30049669.0
2015-11-09,14.26,14.48,14.13,14.2,17528088.0
2015-11-10,14.13,14.44,14.01,14.41,14777765.0
2015-11-11,14.2,14.31,14.09,14.11,11009387.0
2015-11-12,13.81,13.82,13.59,13.7,20371666.0
2015-11-13,13.61,13.76,13.15,13.39,14924533.0
2015-11-16,13.37,13.61,13.14,13.38,13781375.0
2015-11-17,13.38,13.49,13.12,13.22,12420759.0
2015-11-18,13.48,13.73,13.1886,13.64,13020475.0
2015-11-19,13.53,13.89,13.52,13.78,13171491.0
2015-11-20,13.78,14.63,13.68,14.21,18558586.0
2015-11-23,14.17,14.21,13.57,13.85,15317345.0
2015-11-24,13.58,14.025,13.5,13.69,24108918.0
2015-11-25,13.91,14.86,13.84,14.12,22674894.0
2015-11-27,14.12,14.64,14.05,14.35,6041718.0
2015-11-30,14.23,15.0,14.18,14.86,29096030.0
2015-12-01,14.88,15.88,14.85,15.61,25106264.0
2015-12-02,15.37,15.54,14.87,14.95,12681067.0
2015-12-03,15.0,15.34,14.58,14.62,18905240.0
2015-12-04,14.39,15.295,14.24,15.22,12001085.0
2015-12-07,15.0,15.48,14.92,15.45,9545947.0
2015-12-08,15.09,15.29,14.62,15.17,11617601.0
2015-12-09,14.99,15.39,14.68,14.85,14261925.0
2015-12-10,14.79,14.81,14.53,14.72,11350207.0
2015-12-11,14.99,15.4,14.14,14.18,10614763.0
2015-12-14,14.3,14.5,13.92,14.44,11527694.0
2015-12-15,14.51,14.98,14.485,14.56,12888739.0
2015-12-16,14.62,14.81,14.55,14.7,7840968.0
2015-12-17,14.61,14.72,14.22,14.31,7625458.0
2015-12-18,14.27,14.385,14.0,14.16,19307237.0
2015-12-21,14.12,14.4,13.87,14.02,9863255.0
2015-12-22,14.04,14.14,13.9201,14.06,7292476.0
2015-12-23,14.19,14.97,14.05,14.91,11252128.0
2015-12-24,14.81,15.17,14.7901,15.02,2178459.0
2015-12-28,14.89,15.28,14.82,15.23,5930636.0
2015-12-29,15.29,15.4371,15.18,15.2,6275753.0
2015-12-30,15.29,15.48,15.15,15.28,6275778.0
2015-12-31,15.23,15.31,15.1,15.2,6767773.0
2016-01-04,14.97,15.15,14.74,15.13,15076835.0
2016-01-05,15.13,15.25,14.94,15.03,10285834.0
2016-01-06,14.62,15.0,14.51,14.8,11315099.0
2016-01-07,14.5,14.56,13.65,13.71,19844532.0
2016-01-08,13.77,14.02,13.31,13.54,16431854.0
2016-01-11,13.43,13.71,13.07,13.26,15110838.0
2016-01-12,13.35,13.42,13.09,13.26,12458350.0
2016-01-13,13.35,13.35,12.53,12.75,17720765.0
2016-01-14,12.75,13.17,12.65,13.0,13352501.0
2016-01-15,12.6,12.8,12.49,12.54,19729482.0
2016-01-19,12.68,12.78,12.2,12.32,12925129.0
2016-01-20,12.0,12.2,11.625,12.06,16640055.0
2016-01-21,12.0,12.54,11.82,12.41,16728144.0
2016-01-22,12.7,13.43,12.65,13.35,15269821.0
2016-01-25,13.29,13.55,13.12,13.34,11183427.0
2016-01-26,13.35,13.725,13.35,13.6,10726138.0
2016-01-27,13.53,13.61,12.955,13.39,18484506.0
2016-01-28,13.45,13.7,13.07,13.19,9874424.0
2016-01-29,13.41,13.88,13.35,13.76,11361905.0
2016-02-01,13.67,13.88,13.53,13.79,9549644.0
2016-02-02,13.7,13.97,13.36,13.45,9677516.0
2016-02-03,13.66,13.77,13.11,13.37,7553022.0
2016-02-04,13.31,13.89,13.31,13.85,6499149.0
2016-02-05,13.69,13.75,13.035,13.2,13227678.0
2016-02-08,13.0,13.05,12.37,12.51,14815851.0
2016-02-09,12.37,12.86,12.31,12.72,6686490.0
2016-02-10,12.77,13.07,12.71,12.86,5982701.0
2016-02-11,12.57,12.67,12.015,12.4,9834289.0
2016-02-12,12.5,12.79,12.18,12.29,10549410.0
2016-02-16,12.41,12.49,12.27,12.33,11976893.0
2016-02-17,12.39,13.135,12.37,13.02,8665514.0
2016-02-18,13.05,13.7,13.02,13.53,11734114.0
2016-02-19,13.51,13.74,13.25,13.67,9414376.0
2016-02-22,13.75,13.88,13.57,13.8,10755568.0
2016-02-23,13.72,13.82,12.84,13.09,14646955.0
2016-02-24,13.0,13.57,12.82,13.53,13226774.0
2016-02-25,13.45,13.71,13.24,13.68,12079898.0
2016-02-26,13.78,13.8,13.15,13.44,10824943.0
2016-02-29,13.31,13.47,13.21,13.27,3750173.0
2016-03-01,13.42,13.47,13.09,13.28,1992025.0
2016-03-02,13.38,14.05,13.35,13.9,10016491.0
2016-03-03,13.91,13.95,13.28,13.6,10011744.0
2016-03-04,14.9,15.84,14.82,15.44,33369625.0
2016-03-07,15.13,15.99,15.06,15.97,18478215.0
2016-03-08,15.75,15.79,15.205,15.23,12299677.0
2016-03-09,15.34,15.835,15.3,15.49,11068942.0
2016-03-10,15.55,16.21,15.52,15.9,14285129.0
2016-03-11,16.0,16.44,16.0,16.33,15683988.0
2016-03-14,16.2,16.57,16.04,16.41,9669016.0
2016-03-15,16.36,16.88,16.25,16.77,13934243.0
2016-03-16,16.71,17.23,16.6,17.19,12513970.0
2016-03-17,17.13,17.33,16.96,17.16,10868207.0
2016-03-18,17.17,17.58,17.08,17.33,30962871.0
2016-03-21,17.33,17.94,17.3,17.71,10729906.0
2016-03-22,17.41,18.08,17.34,17.51,11318505.0
2016-03-23,17.52,17.57,17.09,17.46,11433939.0
2016-03-24,17.41,17.64,17.11,17.57,8869974.0
2016-03-28,17.48,17.665,17.22,17.51,5529334.0
2016-03-29,17.37,17.68,17.22,17.65,5926601.0
2016-03-30,17.72,17.915,17.63,17.89,10552507.0
2016-03-31,17.84,17.96,17.5101,17.73,10389604.0
2016-04-01,17.61,18.545,17.56,18.4,14849934.0
2016-04-04,18.45,18.45,17.93,18.04,7666968.0
2016-04-05,17.87,17.91,17.56,17.61,8299991.0
2016-04-06,17.65,17.98,17.46,17.96,10391874.0
2016-04-07,17.79,18.04,17.625,17.74,9413442.0
2016-04-08,17.85,18.295,17.81,17.89,7279983.0
2016-04-11,17.95,18.06,17.66,17.73,5878459.0
2016-04-12,17.71,17.76,17.18,17.24,8787887.0
2016-04-13,17.29,17.51,17.15,17.5,8243231.0
2016-04-14,17.36,17.4,17.06,17.26,6615897.0
2016-04-15,17.41,17.48,16.85,17.4,11861987.0
2016-04-18,17.21,17.485,17.14,17.44,5661473.0
2016-04-19,17.46,17.48,17.15,17.24,6439694.0
2016-04-20,17.07,17.5,17.07,17.4,5440116.0
2016-04-21,17.34,17.74,17.32,17.46,5970372.0
2016-04-22,17.44,17.7,17.33,17.49,7958001.0
2016-04-25,17.36,17.41,16.82,17.21,5842139.0
2016-04-26,17.25,17.465,17.23,17.36,6285691.0
2016-04-27,17.3,17.52,17.25,17.31,6363648.0
2016-04-28,17.17,17.385,16.92,17.03,4786943.0
2016-04-29,16.89,16.91,16.51,16.66,7088882.0
2016-05-02,16.66,16.75,16.28,16.4,8461206.0
2016-05-03,16.23,16.25,15.78,15.93,11065714.0
2016-05-04,15.8,16.0,15.68,15.93,6637775.0
2016-05-05,15.95,15.97,15.64,15.72,3519240.0
2016-05-06,15.63,15.86,15.56,15.78,4983593.0
2016-05-09,15.71,15.96,15.67,15.86,4943325.0
2016-05-10,15.89,15.9,15.61,15.89,4761598.0
2016-05-11,15.89,16.355,15.88,16.02,6470157.0
2016-05-12,16.09,16.14,15.8535,15.9,5418380.0
2016-05-13,15.9,16.115,15.69,15.77,6788816.0
2016-05-16,15.76,16.095,15.71,15.96,8819406.0
2016-05-17,15.88,16.2,15.69,15.82,14592610.0
2016-05-18,15.79,15.93,15.515,15.67,6576502.0
2016-05-19,15.51,15.79,15.38,15.78,6684880.0
2016-05-20,15.76,15.99,15.66,15.87,8982944.0
2016-05-23,15.88,16.27,15.87,16.07,8649851.0
2016-05-24,16.1,16.34,15.99,16.25,12488390.0
2016-05-25,18.33,18.5,17.12,17.35,43848808.0
2016-05-26,17.0,17.69,16.84,17.39,21733075.0
2016-05-27,17.46,18.34,17.46,18.26,22957141.0
2016-05-31,18.0,18.47,17.76,18.47,24952212.0
2016-06-01,18.31,18.38,18.14,18.29,12288770.0
2016-06-02,18.14,18.53,18.1,18.5,13663287.0
2016-06-03,18.4,18.5,18.28,18.35,9285495.0
2016-06-06,18.28,18.97,18.28,18.9,12839226.0
2016-06-07,18.84,19.245,18.77,19.16,14286211.0
2016-06-08,19.27,19.62,19.2,19.35,15820732.0
2016-06-09,19.39,19.65,19.33,19.55,9375174.0
2016-06-10,19.31,19.33,18.9,19.12,9830680.0
2016-06-13,19.01,19.15,18.58,18.6,10146966.0
2016-06-14,18.47,18.64,18.215,18.31,14355452.0
2016-06-15,18.43,19.06,18.41,18.8,11967601.0
2016-06-16,18.68,18.83,18.575,18.66,12329670.0
2016-06-17,18.59,19.01,18.49,18.94,16641098.0
2016-06-20,19.22,19.61,19.16,19.38,15869472.0
2016-06-21,19.41,19.85,19.26,19.76,11557672.0
2016-06-22,19.66,19.76,19.19,19.21,10573261.0
2016-06-23,19.37,19.69,19.34,19.65,10184380.0
2016-06-24,18.61,19.08,18.11,18.16,25420729.0
2016-06-27,18.0,18.01,16.965,17.2,18517647.0
2016-06-28,17.5,17.58,17.105,17.4,12854721.0
2016-06-29,17.74,17.91,17.605,17.78,8259949.0
2016-06-30,17.92,18.5,17.88,18.27,12492682.0
2016-07-01,18.47,18.64,18.15,18.49,8928465.0
2016-07-05,18.39,18.43,17.94,18.2,6134837.0
2016-07-06,18.0,18.43,17.92,18.4,7264082.0
2016-07-07,18.34,18.71,18.34,18.47,6276990.0
2016-07-08,18.76,19.04,18.575,19.04,10898502.0
2016-07-11,19.15,19.465,19.14,19.34,10161080.0
2016-07-12,19.43,19.9,19.43,19.69,12951494.0
2016-07-13,19.69,19.76,19.3,19.5,6865346.0
2016-07-14,19.62,20.1664,19.62,19.99,14919726.0
2016-07-15,20.08,20.17,19.69,19.77,8745251.0
2016-07-18,19.72,19.98,19.65,19.79,5857580.0
2016-07-19,19.69,19.94,19.68,19.79,5534704.0
2016-07-20,19.8,20.08,19.725,20.06,5313971.0
2016-07-21,20.03,20.16,19.705,19.75,9097923.0
2016-07-22,19.82,20.05,19.74,20.05,8366480.0
2016-07-25,20.35,20.49,20.19,20.21,9714931.0
2016-07-26,20.19,20.46,20.145,20.45,7947430.0
2016-07-27,20.5,20.665,20.258,20.35,6553328.0
2016-07-28,20.3,20.43,20.15,20.31,4357541.0
2016-07-29,20.32,21.9,20.1,21.02,31459562.0
2016-08-01,21.14,21.59,20.63,21.08,13895483.0
2016-08-02,21.03,21.1,20.645,20.77,11025713.0
2016-08-03,20.77,21.52,20.68,21.51,13898025.0
2016-08-04,21.48,21.92,21.46,21.76,8920924.0
2016-08-05,21.84,22.2,21.77,21.91,9491096.0
2016-08-08,22.0,22.17,21.58,21.65,7776238.0
2016-08-09,21.73,21.86,21.62,21.7,8058617.0
2016-08-10,21.73,21.75,21.43,21.55,5689398.0
2016-08-11,21.59,21.86,21.52,21.78,7576648.0
2016-08-12,21.68,21.96,21.495,21.89,10561285.0
2016-08-15,21.93,22.19,21.9,22.01,7158478.0
2016-08-16,21.9,22.17,21.8103,22.07,6101637.0
2016-08-17,22.06,22.19,21.48,21.64,9769586.0
2016-08-18,21.54,21.89,21.54,21.86,6718078.0
2016-08-19,21.78,21.96,21.74,21.88,6041332.0
2016-08-22,21.82,21.975,21.63,21.94,4439999.0
2016-08-23,22.03,22.07,21.875,21.93,7914489.0
2016-08-24,21.92,22.05,21.67,21.69,4513034.0
2016-08-25,21.63,21.935,21.45,21.84,7169385.0
2016-08-26,21.9,22.09,21.61,21.78,5290425.0
2016-08-29,21.76,22.13,21.73,21.84,5886444.0
2016-08-30,21.93,21.96,21.45,21.58,9164028.0
2016-08-31,21.54,21.68,21.16,21.48,9559777.0
2016-09-01,21.43,22.32,21.08,22.16,18914046.0
2016-09-02,22.17,22.3,21.94,22.21,6567478.0
2016-09-06,22.18,22.18,21.75,21.86,8535162.0
2016-09-07,22.01,22.32,21.51,22.09,20518200.0
2016-09-08,22.0,22.2,21.32,21.38,29248074.0
2016-09-09,21.15,21.47,20.92,20.92,15764988.0
2016-09-12,20.72,21.415,20.63,21.29,12750159.0
2016-09-13,21.1,21.37,21.05,21.16,12002458.0
2016-09-14,21.13,21.415,21.09,21.36,10976841.0
2016-09-15,21.32,22.14,21.29,22.13,12907651.0
2016-09-16,22.07,22.32,21.96,22.26,16346835.0
2016-09-19,22.37,23.0,22.36,22.68,12007924.0
2016-09-20,22.755,22.945,22.62,22.62,9668378.0
2016-09-21,22.6,23.12,22.57,23.12,10676569.0
2016-09-22,23.14,23.53,23.14,23.24,10239239.0
2016-09-23,23.13,23.265,22.91,22.98,7244354.0
2016-09-26,22.86,22.965,22.64,22.79,8107145.0
2016-09-27,22.69,23.025,22.561,22.92,13124750.0
2016-09-28,23.0,23.19,22.82,23.04,7072567.0
2016-09-29,22.96,23.31,22.875,22.9,9053453.0
2016-09-30,23.08,23.29,22.59,22.75,16209332.0
2016-10-03,22.59,22.835,22.55,22.65,11689886.0
2016-10-04,22.68,22.93,22.26,22.39,9134892.0
2016-10-05,22.46,22.87,22.46,22.8,7272265.0
2016-10-06,22.74,22.85,22.63,22.68,6550214.0
2016-10-07,22.67,22.7,22.17,22.34,9363568.0
2016-10-10,22.48,22.69,22.44,22.5,9202424.0
2016-10-11,22.5,22.5,21.895,21.98,10109745.0
2016-10-12,22.08,22.12,21.8,22.0,7762767.0
2016-10-13,21.78,21.95,21.46,21.76,13811557.0
2016-10-14,21.54,21.95,21.475,21.53,13561328.0
2016-10-17,21.5,21.69,21.21,21.27,11645797.0
2016-10-18,21.54,21.59,21.1,21.47,11685976.0
2016-10-19,21.61,21.97,21.55,21.73,17489613.0
2016-10-20,21.63,21.91,21.54,21.88,10591234.0
2016-10-21,21.7,21.73,21.45,21.63,11967316.0
2016-10-24,21.68,21.79,21.59,21.68,9044100.0
2016-10-25,21.65,21.7,21.39,21.6,9246243.0
2016-10-26,21.53,21.81,21.47,21.8,7602475.0
2016-10-27,21.88,22.39,21.88,22.19,12645578.0
2016-10-28,22.2,22.49,22.0,22.17,7507153.0
2016-10-31,22.25,22.52,22.22,22.47,8140891.0
2016-11-01,22.42,22.56,21.77,22.08,7379247.0
2016-11-02,22.04,22.17,21.87,22.02,8328028.0
2016-11-03,22.07,22.18,21.76,21.8,6997671.0
2016-11-04,21.64,22.399,21.52,22.04,7716082.0
2016-11-07,22.38,23.19,22.37,23.11,10804732.0
2016-11-08,23.11,23.49,22.89,23.24,12794561.0
2016-11-09,22.44,23.55,22.36,23.23,15356547.0
2016-11-10,23.35,23.69,22.91,23.07,12990824.0
2016-11-11,23.02,23.38,22.92,23.31,9448817.0
2016-11-14,23.35,23.62,23.07,23.35,12373592.0
2016-11-15,23.47,23.53,23.14,23.41,14775395.0
2016-11-16,23.31,23.65,23.21,23.53,11548963.0
2016-11-17,23.47,23.67,23.26,23.6,10900544.0
2016-11-18,23.689,23.85,23.27,23.31,16593182.0
2016-11-21,23.42,23.55,22.81,23.12,23305434.0
2016-11-22,23.1,23.34,22.605,22.87,24165979.0
2016-11-23,22.7,23.63,22.47,23.55,21568380.0
2016-11-25,23.02,23.39,22.71,23.22,10647783.0
2016-11-28,22.97,23.39,22.88,23.34,21856006.0
2016-11-29,23.22,23.9,23.22,23.74,14084483.0
2016-11-30,23.79,23.895,23.63,23.8,14472344.0
2016-12-01,23.78,23.9,23.33,23.37,12190465.0
2016-12-02,23.36,23.9,23.34,23.85,7340248.0
2016-12-05,23.92,24.22,23.83,24.21,10272231.0
2016-12-06,24.16,24.18,23.89,23.96,9846405.0
2016-12-07,23.84,24.79,23.81,24.68,16290602.0
2016-12-08,24.65,24.79,24.51,24.64,7100188.0
2016-12-09,24.56,24.77,24.32,24.51,13314094.0
2016-12-12,24.09,24.22,23.7,23.9,12350596.0
2016-12-13,23.84,24.22,23.75,23.93,10863053.0
2016-12-14,23.74,24.38,23.73,23.92,9834236.0
2016-12-15,23.85,23.87,23.67,23.73,16103093.0
2016-12-16,23.63,23.785,23.38,23.49,20624216.0
2016-12-19,23.42,23.9,23.42,23.73,6799929.0
2016-12-20,23.77,23.98,23.65,23.84,9068099.0
2016-12-21,23.84,24.04,23.795,23.89,5421404.0
2016-12-22,23.91,23.99,23.52,23.76,6402347.0
2016-12-23,23.77,23.84,23.68,23.82,5898300.0
2016-12-27,23.81,23.9,23.62,23.74,3784973.0
2016-12-28,23.82,23.82,23.29,23.3,6595343.0
2016-12-29,23.28,23.47,23.18,23.34,5149336.0
2016-12-30,23.23,23.45,23.03,23.14,6313337.0
2017-01-03,23.19,23.47,22.98,23.2,8056583.0
2017-01-04,23.3,23.71,23.24,23.45,6956529.0
2017-01-05,23.45,23.58,23.33,23.56,11556223.0
2017-01-06,23.57,23.57,22.41,23.1,14541596.0
2017-01-09,23.14,23.1833,22.51,22.56,14292746.0
2017-01-10,22.69,23.01,22.51,22.95,13491465.0
2017-01-11,22.92,22.98,22.61,22.76,9276997.0
2017-01-12,22.73,22.84,22.425,22.75,8273242.0
2017-01-13,22.75,23.05,22.74,22.94,5757032.0
2017-01-17,22.83,22.99,22.635,22.69,5902467.0
2017-01-18,22.77,22.99,22.59,22.86,8449101.0
2017-01-19,22.79,22.88,22.68,22.77,5798493.0
2017-01-20,22.79,22.9,22.64,22.88,9054790.0
2017-01-23,22.82,22.93,22.39,22.57,9075315.0
2017-01-24,22.71,23.09,22.66,22.89,8221029.0
2017-01-25,23.02,23.14,22.835,22.98,7295879.0
2017-01-26,22.96,23.09,22.62,22.62,6134510.0
2017-01-27,22.73,22.8,22.48,22.55,6810009.0
2017-01-30,22.49,22.49,21.99,22.15,9345204.0
2017-01-31,22.14,22.69,21.84,22.68,12485377.0
2017-02-01,22.73,22.78,22.37,22.59,9739734.0
2017-02-02,22.26,22.735,22.26,22.69,8296898.0
2017-02-03,22.75,23.58,22.75,23.5,13433295.0
2017-02-06,23.35,23.66,23.31,23.54,5493289.0
2017-02-07,23.54,23.795,23.52,23.69,6505100.0
2017-02-08,23.62,23.88,23.55,23.63,6084922.0
2017-02-09,23.69,24.12,23.56,24.08,7010194.0
2017-02-10,24.08,24.26,23.98,23.99,8311147.0
2017-02-13,24.02,24.23,23.96,24.12,6467918.0
2017-02-14,24.08,24.15,23.96,24.14,9756502.0
2017-02-15,24.22,24.44,24.09,24.38,6836444.0
2017-02-16,24.37,24.48,24.21,24.33,6849111.0
2017-02-17,24.25,24.42,24.13,24.4,7583435.0
2017-02-21,24.4,24.7,24.36,24.66,9460196.0
2017-02-22,24.54,24.88,24.5,24.78,7642602.0
2017-02-23,24.83,24.86,24.5,24.66,13305792.0
2017-02-24,22.125,22.98,22.1,22.96,468818.0
2017-02-27,22.76,22.76,22.27,22.31,19012400.0
2017-02-28,22.07,22.875,22.0,22.82,18360146.0
2017-03-01,23.01,23.3,22.93,23.18,13272324.0
2017-03-02,23.12,23.21,22.84,22.95,10778125.0
2017-03-03,22.91,23.27,22.88,23.05,11568060.0
2017-03-06,22.85,23.13,22.83,23.07,15560509.0
2017-03-07,22.97,23.19,22.7,22.82,13896101.0
2017-03-08,22.8,22.85,22.57,22.62,12704973.0
2017-03-09,22.53,22.69,22.38,22.47,11029658.0
2017-03-10,22.53,22.69,22.2,22.37,11153683.0
2017-03-13,22.19,22.43,22.17,22.32,10088381.0
2017-03-14,22.24,22.33,22.02,22.23,10088371.0
2017-03-15,22.23,22.85,22.11,22.69,14013911.0
2017-03-16,22.7,22.86,22.5,22.64,10297833.0
2017-03-17,22.65,22.99,22.51,22.85,12379737.0
2017-03-20,22.77,23.065,22.66,22.95,8572873.0
2017-03-21,22.95,23.08,22.2,22.25,16223977.0
2017-03-22,22.22,22.55,22.1,22.5,9092632.0
2017-03-23,22.45,22.96,22.38,22.8,9762148.0
2017-03-24,22.86,23.24,22.63,22.77,9174040.0
2017-03-27,22.55,22.85,22.38,22.72,6688789.0
2017-03-28,22.69,23.21,22.6301,23.01,8411514.0
2017-03-29,23.0,23.93,22.905,23.67,17229456.0
2017-03-30,23.6,23.82,23.52,23.62,8948331.0
2017-03-31,23.43,24.0,23.43,23.7,14225838.0
2017-04-03,18.0,18.06,17.31,17.57,320156.0
2017-04-04,17.4,17.91,17.35,17.9,19049173.0
2017-04-05,17.98,18.1,17.78,17.9,19009037.0
2017-04-06,17.98,18.13,17.91,18.02,12394962.0
2017-04-07,17.95,18.45,17.91,18.28,28146637.0
2017-04-10,18.34,18.51,18.24,18.3,22041193.0
2017-04-11,18.26,18.35,18.09,18.18,11342890.0
2017-04-12,18.33,18.34,17.94,18.05,13722972.0
2017-04-13,18.01,18.16,17.94,17.99,16281369.0
2017-04-17,18.02,18.13,17.98,18.11,7940003.0
2017-04-18,18.08,18.2,17.9843,18.13,8009906.0
2017-04-19,18.15,18.29,18.09,18.16,7302954.0
2017-04-20,18.23,18.41,18.175,18.33,10243907.0
2017-04-21,18.3,18.315,18.02,18.14,12252832.0
2017-04-24,18.25,18.54,18.205,18.44,14046458.0
2017-04-25,18.49,18.59,18.42,18.52,6217376.0
2017-04-26,18.5,18.78,18.42,18.61,10882719.0
2017-04-27,18.6,18.66,18.43,18.63,13804259.0
2017-04-28,18.62,18.7,18.49,18.63,9272515.0
2017-05-01,18.69,18.83,18.64,18.73,8204858.0
2017-05-02,18.72,18.84,18.66,18.7,7748394.0
2017-05-03,18.66,18.77,18.57,18.67,10992661.0
2017-05-04,18.75,18.8,18.61,18.75,6535957.0
2017-05-05,18.84,18.85,18.67,18.83,12654728.0
2017-05-08,18.84,18.95,18.76,18.89,9048071.0
2017-05-09,18.87,18.97,18.635,18.78,16245822.0
2017-05-10,18.79,19.0,18.75,19.0,11297233.0
2017-05-11,18.92,19.055,18.805,18.86,12415980.0
2017-05-12,18.88,19.02,18.84,18.88,9556246.0
2017-05-15,18.9,19.13,18.87,18.99,10679245.0
2017-05-16,19.0,19.16,18.915,19.11,9391480.0
2017-05-17,18.93,19.025,18.72,18.8,12770089.0
2017-05-18,18.65,18.96,18.52,18.78,12428219.0
2017-05-19,18.84,19.0,18.47,18.53,20128881.0
2017-05-22,18.52,18.85,18.51,18.79,12605881.0
2017-05-23,18.87,18.9,18.75,18.86,13899901.0
2017-05-24,18.84,18.98,18.78,18.91,11762730.0
2017-05-25,18.97,19.0,18.81,18.84,15812371.0
2017-05-26,18.85,18.89,18.74,18.83,13431357.0
2017-05-30,18.78,18.93,18.69,18.85,17734265.0
2017-05-31,18.8,18.875,18.56,18.81,23343784.0
2017-06-01,18.35,18.37,17.47,17.52,388790.0
2017-06-02,17.34,17.58,16.95,17.4,29914649.0
2017-06-05,17.34,17.35,17.13,17.16,15521459.0
2017-06-06,17.14,17.19,17.03,17.03,13801809.0
2017-06-07,17.03,17.24,17.01,17.04,14542052.0
2017-06-08,17.09,17.12,16.98,17.05,10657804.0
2017-06-09,17.04,17.32,16.805,16.99,10517977.0
2017-06-12,16.89,16.98,16.56,16.85,11555220.0
2017-06-13,16.82,16.97,16.8,16.88,12160915.0
2017-06-14,16.85,16.95,16.65,16.74,11392675.0
2017-06-15,16.7,16.76,16.47,16.52,17815515.0
2017-06-16,16.58,16.61,16.44,16.49,15005698.0
2017-06-19,16.51,16.77,16.51,16.72,11130370.0
2017-06-20,16.69,16.74,16.48,16.64,12896515.0
2017-06-21,16.7,16.79,16.54,16.57,9438654.0
2017-06-22,16.54,16.75,16.5,16.68,7940591.0
2017-06-23,16.75,17.0,16.66,16.85,17037793.0
2017-06-26,16.87,16.98,16.79,16.81,10787943.0
2017-06-27,16.74,16.79,16.5,16.5,9802863.0
2017-06-28,16.59,16.96,16.5,16.9,10117427.0
2017-06-29,16.75,16.8,16.37,16.65,12701327.0
2017-06-30,16.73,16.8,16.58,16.59,8735472.0
2017-07-03,16.67,16.89,16.67,16.67,4566581.0
2017-07-05,16.72,16.99,16.71,16.94,10798236.0
2017-07-06,16.85,16.92,16.42,16.48,14527149.0
2017-07-07,16.52,16.65,16.4,16.61,13006554.0
2017-07-10,16.61,16.835,16.6,16.74,10006068.0
2017-07-11,16.71,16.85,16.57,16.78,9111532.0
2017-07-12,16.75,16.85,16.575,16.79,10422490.0
2017-07-13,16.79,17.16,16.76,17.09,13654799.0
2017-07-14,17.1,17.23,17.02,17.19,5711515.0
2017-07-17,17.19,17.32,17.095,17.23,7731114.0
2017-07-18,17.2,17.25,17.05,17.15,10355779.0
2017-07-19,17.25,17.71,17.25,17.67,13106446.0
2017-07-20,17.67,17.93,17.65,17.9,13911283.0
2017-07-21,17.86,18.03,17.77,18.01,11785594.0
2017-07-24,17.98,18.1,17.79,17.84,10919480.0
2017-07-25,17.84,18.01,17.74,17.88,7517103.0
2017-07-26,17.9,17.96,17.55,17.61,7964872.0
2017-07-27,17.7,17.7,17.395,17.55,10207461.0
2017-07-28,17.5,17.55,17.29,17.51,8969223.0
2017-07-31,17.6,17.745,17.5,17.51,8721816.0
2017-08-01,17.29,17.57,17.29,17.51,7710533.0
2017-08-02,17.59,17.64,17.27,17.35,7966673.0
2017-08-03,17.34,17.36,17.16,17.29,6652706.0
2017-08-04,17.29,17.57,17.29,17.51,6302495.0
2017-08-07,17.49,17.645,17.45,17.63,4584377.0
2017-08-08,17.59,17.7,17.52,17.63,7892874.0
2017-08-09,17.55,17.7,17.44,17.64,6964043.0
2017-08-10,17.6,17.6,17.07,17.12,8824653.0
2017-08-11,17.2,17.37,17.155,17.3,5277950.0
2017-08-14,17.49,17.85,17.46,17.58,7945475.0
2017-08-15,17.56,17.84,17.53,17.75,8284151.0
2017-08-16,17.74,17.87,17.525,17.6,4870139.0
2017-08-17,17.52,17.68,17.3,17.3,9048054.0
2017-08-18,17.26,17.4,17.09,17.18,9537171.0
2017-08-21,17.2,17.35,17.08,17.31,6085342.0
2017-08-22,17.36,17.7,17.35,17.67,5433392.0
2017-08-23,17.55,17.75,17.53,17.71,7030629.0
2017-08-24,17.72,18.06,17.66,17.95,6602019.0
2017-08-25,17.99,18.14,17.805,17.95,9025199.0
2017-08-28,17.98,17.98,17.675,17.79,7467109.0
2017-08-29,17.65,17.945,17.58,17.92,5897102.0
2017-08-30,17.88,17.99,17.775,17.98,6273602.0
2017-08-31,17.98,18.135,17.95,18.06,11306288.0
2017-09-01,14.13,14.39,13.82,14.31,22355800.0
2017-09-05,14.2,14.4,13.83,14.04,26755931.0
2017-09-06,14.29,14.32,13.6,13.77,40545575.0
2017-09-07,13.73,13.77,13.25,13.25,26953597.0
2017-09-08,13.289,13.385,13.06,13.12,24049162.0
2017-09-11,13.3,13.47,13.24,13.35,16409500.0
2017-09-12,13.36,13.41,12.99,13.12,19344946.0
2017-09-13,13.08,13.25,12.97,13.23,24975047.0
2017-09-14,13.18,13.53,13.13,13.47,16055264.0
2017-09-15,13.37,13.56,13.32,13.52,15490584.0
2017-09-18,13.57,13.72,13.51,13.54,12513653.0
2017-09-19,13.56,13.64,13.47,13.49,10076295.0
2017-09-20,13.58,13.68,13.5,13.63,17287339.0
2017-09-21,13.6,13.9,13.51,13.79,22595359.0
2017-09-22,13.86,14.29,13.82,14.26,22664344.0
2017-09-25,14.19,14.72,14.17,14.7,29470699.0
2017-09-26,14.74,15.08,14.69,14.89,25645196.0
2017-09-27,14.89,15.12,14.82,14.85,21879668.0
2017-09-28,14.84,14.94,14.565,14.57,11473115.0
2017-09-29,14.6,14.75,14.54,14.71,6718499.0
2017-10-02,14.68,15.0,14.65,14.97,13708630.0
2017-10-03,14.97,14.9872,14.62,14.69,10197068.0
2017-10-04,14.7,14.89,14.55,14.8,7636327.0
2017-10-05,14.84,14.96,14.76,14.83,7074433.0
2017-10-06,14.79,14.85,14.58,14.8,11824806.0
2017-10-09,14.84,14.97,14.77,14.8,6254594.0
2017-10-10,14.82,15.03,14.81,14.96,9310209.0
2017-10-11,14.94,15.04,14.85,14.94,9567667.0
2017-10-12,14.93,14.94,14.73,14.8,8238410.0
2017-10-13,14.65,15.06,14.64,14.89,9923117.0
2017-10-16,14.88,14.96,14.81,14.86,6312045.0
2017-10-17,14.84,14.89,14.545,14.61,12166209.0
2017-10-18,14.67,14.8,14.665,14.7,6827106.0
2017-10-19,14.5,14.53,13.8,13.86,22853079.0
2017-10-20,13.88,14.185,13.8,14.04,12456429.0
2017-10-23,14.09,14.325,14.06,14.25,8396436.0
2017-10-24,14.25,14.475,14.23,14.31,8198240.0
2017-10-25,14.28,14.29,13.88,14.08,14809232.0
2017-10-26,14.21,14.31,14.08,14.25,6967627.0
2017-10-27,14.27,14.34,14.18,14.28,7032655.0
2017-10-30,14.23,14.28,13.91,13.98,11939031.0
2017-10-31,14.02,14.055,13.875,13.92,10224747.0
2017-11-01,13.94,13.94,13.47,13.6,15483371.0
2017-11-02,13.57,13.66,13.485,13.63,17511229.0
2017-11-03,13.62,13.63,13.4,13.5,9542917.0
2017-11-06,13.46,13.63,13.24,13.63,9582548.0
2017-11-07,13.6,13.74,13.52,13.57,7359941.0
2017-11-08,13.56,13.59,13.46,13.54,7751865.0
2017-11-09,13.48,13.75,13.47,13.72,6230916.0
2017-11-10,13.72,13.75,13.6,13.7,4517873.0
2017-11-13,13.67,13.695,13.47,13.48,14572608.0
2017-11-14,13.38,13.48,13.23,13.27,11346109.0
2017-11-15,13.2,13.32,13.1,13.16,11998585.0
2017-11-16,13.21,13.42,13.21,13.27,14818149.0
2017-11-17,13.3,13.69,13.25,13.68,12888760.0
2017-11-20,13.68,14.11,13.66,14.09,12385055.0
2017-11-21,14.1,14.31,14.08,14.12,12949614.0
2017-11-22,13.2,13.4,12.815,13.1,41909160.0
2017-11-24,13.21,13.39,13.15,13.32,8555548.0
2017-11-27,13.21,13.54,13.1503,13.47,13861143.0
2017-11-28,13.47,13.95,13.405,13.88,16048543.0
2017-11-29,13.95,14.3001,13.79,13.97,12093974.0
2017-11-30,13.99,14.17,13.92,13.95,15101614.0
2017-12-01,13.9,14.465,13.75,14.44,18544154.0
2017-12-04,14.44,14.52,14.19,14.23,11090156.0
2017-12-05,14.11,14.17,14.0,14.08,10892527.0
2017-12-06,14.02,14.23,13.99,14.16,7091009.0
2017-12-07,14.2,14.27,14.125,14.22,6811120.0
2017-12-08,14.23,14.39,14.23,14.34,8081825.0
2017-12-11,14.25,14.59,14.23,14.58,11076937.0
2017-12-12,14.45,14.57,14.35,14.5,12008182.0
2017-12-13,14.46,14.55,14.32,14.32,8611838.0
2017-12-14,14.28,14.38,14.22,14.24,7594452.0
2017-12-15,14.3,14.48,14.255,14.41,19919007.0
2017-12-18,14.45,14.93,14.43,14.9,12355506.0
2017-12-19,14.86,14.9,14.74,14.8,9785489.0
2017-12-20,14.72,14.79,14.635,14.71,8602456.0
2017-12-21,14.68,14.85,14.665,14.72,7816096.0
2017-12-22,14.725,14.82,14.68,14.71,4166746.0
2017-12-26,14.69,14.785,14.67,14.74,2880017.0
2017-12-27,14.72,14.75,14.61,14.67,3199673.0
2017-12-28,14.69,14.7,14.555,14.61,3686377.0
2017-12-29,14.67,14.67,14.36,14.36,7076743.0
2018-01-02,14.43,14.63,14.38,14.61,7065215.0
2018-01-03,14.6,14.75,14.54,14.7,7907160.0
2018-01-04,14.7,15.07,14.655,15.06,11327017.0
2018-01-05,15.06,15.19,14.96,15.05,12503235.0
2018-01-08,14.95,14.97,14.645,14.82,13015227.0
2018-01-09,14.85,14.98,14.81,14.85,14445091.0
2018-01-10,14.76,15.31,14.76,15.19,10129274.0
2018-01-11,15.2,15.49,15.17,15.45,8238583.0
2018-01-12,15.45,15.87,15.42,15.81,15518900.0
2018-01-16,15.82,15.915,15.715,15.81,9646369.0
2018-01-17,15.86,16.1,15.82,16.07,9443317.0
2018-01-18,16.03,16.1,15.94,15.97,9572783.0
2018-01-19,15.97,16.09,15.91,16.08,9116452.0
2018-01-22,16.05,16.08,15.9,16.05,9409347.0
2018-01-23,16.28,16.72,16.2,16.67,14223910.0
2018-01-24,16.71,16.89,16.6,16.68,11723722.0
2018-01-25,16.71,16.84,16.45,16.48,7765496.0
2018-01-26,16.55,16.84,16.55,16.71,9610058.0
2018-01-29,16.66,17.065,16.62,16.97,10392420.0
2018-01-30,16.85,16.9058,16.395,16.54,11143829.0
2018-01-31,16.59,16.69,16.31,16.4,12353295.0
2018-02-01,16.4,16.88,16.32,16.79,13474991.0
2018-02-02,16.66,16.93,16.52,16.65,13265729.0
2018-02-05,16.53,16.65,15.65,15.66,15684723.0
2018-02-06,15.27,15.815,14.96,15.73,16188725.0
2018-02-07,15.67,15.785,15.33,15.56,13099092.0
2018-02-08,15.53,15.68,15.04,15.04,11879273.0
2018-02-09,15.2,15.415,14.655,15.3,16690092.0
2018-02-12,15.42,15.85,15.36,15.75,7671702.0
2018-02-13,15.63,15.63,15.31,15.47,13709687.0
2018-02-14,15.41,16.22,15.35,16.15,13989071.0
2018-02-15,16.28,16.48,16.04,16.35,8162823.0
2018-02-16,16.3,16.56,16.21,16.39,8506762.0
2018-02-20,16.47,16.685,16.41,16.52,8998358.0
2018-02-21,16.6,16.685,16.22,16.25,10898786.0
2018-02-22,16.43,16.67,16.23,16.41,14641902.0
2018-02-23,18.01,18.19,17.56,18.14,44699312.0
2018-02-26,18.04,18.8,18.04,18.55,25307363.0
2018-02-27,18.5,19.13,18.5,18.82,20806661.0
2018-02-28,18.95,19.07,18.59,18.59,17503082.0
2018-03-01,18.7,18.835,18.14,18.4,14072032.0
2018-03-02,18.2,18.8,18.15,18.78,14917392.0
2018-03-05,18.77,19.1,18.74,18.98,11720583.0
2018-03-06,19.01,19.475,19.0,19.41,11551417.0
2018-03-07,19.24,19.38,18.9801,19.15,11056273.0
2018-03-08,19.2,19.23,18.845,18.95,10394540.0
2018-03-09,19.07,19.21,18.98,19.16,14563920.0
2018-03-12,19.16,19.175,19.0,19.07,10099609.0
2018-03-13,19.09,19.23,18.86,18.88,8979372.0
2018-03-14,18.98,18.99,18.735,18.85,11529354.0
2018-03-15,18.9,18.98,18.78,18.83,15291620.0
2018-03-16,18.82,19.01,18.68,18.79,19019613.0
2018-03-19,18.7,18.83,18.5,18.7,7882763.0
2018-03-20,18.79,18.93,18.615,18.78,10860273.0
2018-03-21,18.78,18.89,18.57,18.71,10840774.0
2018-03-22,18.55,18.645,18.3,18.32,10780598.0
2018-03-23,18.37,18.46,17.63,17.63,10175798.0
2018-03-26,17.92,18.03,17.575,17.99,10910844.0
2018-03-27,18.09,18.155,17.455,17.56,12076445.0
2018-03-28,17.61,17.8,17.405,17.66,14005177.0
2018-03-29,17.7,17.755,17.455,17.54,16009636.0
2018-04-02,17.48,17.52,16.94,17.12,10274628.0
2018-04-03,17.25,17.35,16.96,17.14,13363092.0
2018-04-04,16.83,17.31,16.76,17.25,13204003.0
2018-04-05,17.42,17.42,17.12,17.2,15104795.0
2018-04-06,17.04,17.22,16.61,16.7,14149115.0
2018-04-09,16.73,17.21,16.73,16.81,8445123.0
2018-04-10,17.07,17.4,17.07,17.25,15396549.0
2018-04-11,17.2,17.3,17.0908,17.24,9828543.0
2018-04-12,17.35,17.6,17.33,17.41,13920682.0
2018-04-13,17.51,17.51,17.18,17.4,10062568.0
2018-04-16,17.45,17.67,17.36,17.56,16959570.0
2018-04-17,17.68,17.88,17.62,17.75,17144482.0
2018-04-18,17.77,17.78,17.615,17.68,9610174.0
2018-04-19,17.65,17.65,17.38,17.41,7789290.0
2018-04-20,17.44,17.45,17.16,17.29,7701596.0
2018-04-23,17.38,17.54,17.305,17.42,8082992.0
2018-04-24,17.5,17.68,17.25,17.36,10102908.0
2018-04-25,17.3,17.415,17.02,17.31,8704052.0
2018-04-26,17.39,17.515,17.245,17.39,10687315.0
2018-04-27,17.64,17.64,17.24,17.35,8836687.0
2018-04-30,17.34,17.46,17.05,17.05,12473413.0
2018-05-01,16.99,17.2,16.95,17.18,9651766.0
2018-05-02,17.14,17.26,17.07,17.12,6367944.0
2018-05-03,16.99,17.08,16.75,16.9,8031906.0
2018-05-04,16.85,17.255,16.78,17.21,6166929.0
2018-05-07,17.24,17.45,17.19,17.3,10486742.0
2018-05-08,17.25,17.43,17.205,17.39,12408115.0
2018-05-09,17.4,17.67,17.34,17.6,13013903.0
2018-05-10,17.67,17.7,17.5,17.65,12298234.0
2018-05-11,17.66,17.78,17.61,17.67,11498296.0
2018-05-14,17.75,17.82,17.59,17.59,8456042.0
2018-05-15,17.48,17.53,17.285,17.4,8365749.0
2018-05-16,17.41,17.68,17.37,17.63,15259940.0
2018-05-17,17.68,17.76,17.435,17.67,10602258.0
2018-05-18,17.66,17.67,17.48,17.56,6784877.0
2018-05-21,17.66,17.74,17.48,17.51,6196776.0
2018-05-22,17.55,17.68,17.41,17.41,14421244.0
2018-05-23,16.85,16.95,15.45,15.58,56055194.0
2018-05-24,15.55,15.81,15.16,15.76,29516002.0
2018-05-25,15.75,15.82,15.44,15.52,14411515.0
2018-05-29,15.43,15.4861,15.26,15.38,9726980.0
2018-05-30,15.47,15.665,15.32,15.57,12024890.0
2018-05-31,15.53,15.59,15.12,15.24,14448055.0
2018-06-01,15.33,15.53,15.32,15.53,10896712.0
2018-06-04,15.5,15.74,15.37,15.54,12236810.0
2018-06-05,15.5,16.13,15.45,16.06,22398030.0
2018-06-06,16.11,16.11,15.725,16.02,12395026.0
2018-06-07,15.98,16.06,15.82,15.92,7794028.0
2018-06-08,15.82,16.02,15.7868,16.01,7921376.0
2018-06-11,15.96,16.18,15.96,16.02,11639176.0
2018-06-12,15.92,16.0,15.78,15.79,9010639.0
2018-06-13,15.76,15.89,15.7,15.79,8437829.0
2018-06-14,15.87,16.12,15.75,15.82,11926626.0
2018-06-15,15.8,15.95,15.62,15.95,25030367.0
2018-06-18,15.8,16.06,15.685,15.91,12084684.0
2018-06-19,15.7,15.93,15.67,15.9,8432667.0
2018-06-20,15.95,15.99,15.13,15.15,14603833.0
2018-06-21,15.2,15.49,15.14,15.42,14506745.0
2018-06-22,15.49,15.52,15.225,15.24,9283172.0
2018-06-25,15.17,15.23,14.94,15.07,15972807.0
2018-06-26,15.11,15.55,15.06,15.17,7978554.0
2018-06-27,15.22,15.25,14.72,14.72,14323583.0
2018-06-28,14.71,14.77,14.475,14.71,14739087.0
2018-06-29,14.77,14.85,14.61,14.61,11694527.0
2018-07-02,14.5,14.84,14.46,14.8,7088704.0
2018-07-03,14.79,14.92,14.75,14.77,4748199.0
2018-07-05,14.8,14.84,14.57,14.82,9473771.0
2018-07-06,14.88,15.05,14.73,14.98,5527834.0
2018-07-09,15.04,15.315,14.99,15.23,6361978.0
2018-07-10,15.24,15.535,15.2,15.5,12151360.0
2018-07-11,15.31,15.35,15.08,15.1,8725672.0
2018-07-12,15.15,15.47,15.12,15.39,4759838.0
2018-07-13,15.34,15.53,15.3,15.49,8808167.0
2018-07-16,15.45,15.65,15.335,15.64,10737970.0
2018-07-17,15.59,15.8,15.56,15.66,8883040.0
2018-07-18,15.69,15.95,15.65,15.93,6992383.0
2018-07-19,15.93,16.155,15.61,15.64,11530110.0
2018-07-20,15.59,15.615,15.405,15.47,6758414.0
2018-07-23,15.41,15.55,15.27,15.47,13145564.0
2018-07-24,15.61,15.665,15.25,15.3,7482036.0
2018-07-25,15.24,15.49,15.23,15.48,6029225.0
2018-07-26,15.49,15.77,15.48,15.69,4970568.0
2018-07-27,15.76,15.89,15.53,15.59,5753435.0
2018-07-30,15.58,15.64,15.32,15.45,4940037.0
2018-07-31,15.45,15.55,15.37,15.44,6644722.0
2018-08-01,15.42,15.61,15.37,15.45,5640157.0
2018-08-02,15.35,15.57,15.32,15.55,7753072.0
2018-08-03,15.61,15.9999,15.59,15.98,7397198.0
2018-08-06,15.93,16.045,15.85,16.01,5224110.0
2018-08-07,16.05,16.23,16.02,16.13,4396525.0
2018-08-08,16.14,16.29,16.07,16.16,4663973.0
2018-08-09,16.14,16.225,16.06,16.11,3503908.0
2018-08-10,15.98,16.085,15.78,15.85,5037146.0
2018-08-13,15.85,15.97,15.66,15.66,5039564.0
2018-08-14,15.7,16.02,15.7,15.99,5182786.0
2018-08-15,15.86,16.09,15.79,16.03,10275928.0
2018-08-16,16.12,16.39,16.025,16.27,10664803.0
2018-08-17,16.25,16.795,16.2075,16.67,12400065.0
2018-08-20,16.74,16.96,16.59,16.72,9402443.0
2018-08-21,16.47,16.47,15.74,15.78,16634003.0
2018-08-22,15.76,15.92,15.72,15.82,8331011.0
2018-08-23,15.81,16.46,15.795,16.1,15522386.0
2018-08-24,16.16,16.31,15.98,16.2,9560979.0
2018-08-27,16.37,16.64,16.26,16.45,13743938.0
2018-08-28,16.53,16.8,16.51,16.74,10950190.0
2018-08-29,17.03,17.59,16.65,16.71,25335079.0
2018-08-30,16.74,17.08,16.72,16.79,16188115.0
2018-08-31,16.77,16.77,16.4,16.53,10675722.0
2018-09-04,16.42,16.715,16.17,16.67,10016429.0
2018-09-05,16.69,16.7,16.24,16.59,13574042.0
2018-09-06,16.56,16.62,16.42,16.52,8440744.0
2018-09-07,16.49,16.8,16.39,16.53,10229145.0
2018-09-10,16.54,16.55,16.26,16.41,12516304.0
2018-09-11,16.28,16.48,16.16,16.45,7953703.0
2018-09-12,16.39,16.47,16.25,16.4,5614502.0
2018-09-13,16.5,16.73,16.435,16.54,11155775.0
2018-09-14,16.55,16.66,16.475,16.58,8040336.0
2018-09-17,16.58,16.68,16.23,16.28,8686585.0
2018-09-18,16.31,16.68,16.265,16.55,6680150.0
2018-09-19,16.57,16.7,16.55,16.64,6871530.0
2018-09-20,16.7,16.98,16.68,16.87,8726258.0
2018-09-21,16.95,17.27,16.92,17.02,26709609.0
2018-09-24,17.0,17.025,16.86,16.92,7291291.0
2018-09-25,16.87,16.965,16.53,16.55,17845188.0
2018-09-26,16.59,16.72,16.495,16.51,8897925.0
2018-09-27,16.63,16.63,16.25,16.28,12514178.0
2018-09-28,16.25,16.43,16.17,16.31,12488021.0
2018-10-01,16.37,16.52,16.13,16.18,9808649.0
2018-10-02,16.14,16.63,16.14,16.53,9636512.0
2018-10-03,16.54,16.91,16.46,16.75,10580091.0
2018-10-04,16.79,17.0,16.78,16.85,10262764.0
2018-10-05,16.81,17.02,16.04,16.14,12794701.0
2018-10-08,16.07,16.15,15.86,15.89,8991801.0
2018-10-09,15.87,15.92,15.59,15.69,12074043.0
2018-10-10,15.65,15.77,15.09,15.11,10860910.0
2018-10-11,15.06,15.16,14.55,14.63,9075928.0
2018-10-12,14.92,15.46,14.89,15.42,16598883.0
2018-10-15,15.42,15.51,15.24,15.34,9344747.0
2018-10-16,15.45,15.54,15.27,15.51,6109287.0
2018-10-17,15.59,15.65,15.31,15.52,6231693.0
2018-10-18,15.4,15.53,15.1,15.33,8275157.0
2018-10-19,15.35,15.63,15.34,15.44,7652659.0
2018-10-22,15.54,15.89,15.52,15.84,7881611.0
2018-10-23,15.53,15.75,15.31,15.65,9081348.0
2018-10-24,15.63,15.795,15.06,15.09,8119527.0
2018-10-25,15.2,15.345,15.08,15.15,8175749.0
2018-10-26,14.97,14.98,14.476,14.63,10469596.0
2018-10-29,14.8,15.05,14.36,14.57,8024445.0
2018-10-30,14.57,14.94,14.51,14.93,8297060.0
2018-10-31,15.14,15.52,15.14,15.25,9547415.0
2018-11-01,15.24,15.8,15.24,15.8,6066828.0
2018-11-02,15.83,16.095,15.7346,15.89,15140663.0
2018-11-05,15.89,16.01,15.68,15.93,6268145.0
2018-11-06,15.93,16.07,15.83,15.88,13047271.0
2018-11-07,16.03,16.25,15.84,16.24,18460163.0
2018-11-08,16.19,16.5187,16.15,16.25,7195475.0
2018-11-09,16.13,16.195,15.565,15.72,10721490.0
2018-11-12,15.58,15.605,15.19,15.28,9571270.0
2018-11-13,15.31,15.61,15.2446,15.34,9517002.0
2018-11-14,15.48,15.675,15.11,15.15,16235387.0
2018-11-15,15.07,15.48,14.89,15.32,15279988.0
2018-11-16,15.28,15.35,15.1,15.2,11150637.0
2018-11-19,15.1,15.215,14.7,14.83,12707703.0
2018-11-20,14.6,14.8,14.405,14.53,11300698.0
2018-11-21,14.64,14.93,14.63,14.7,8652318.0
2018-11-23,14.56,14.715,14.49,14.54,2909396.0
2018-11-26,14.72,14.985,14.69,14.91,9953860.0
2018-11-27,14.79,15.06,14.76,15.06,7771920.0
2018-11-28,15.18,15.46,14.9,15.46,13439221.0
2018-11-29,15.4,15.42,15.1,15.12,10922008.0
2018-11-30,15.09,15.14,14.77,15.0,20963157.0
2018-12-03,15.26,15.53,15.22,15.5,14845103.0
2018-12-04,15.42,15.54,14.98,15.05,18349541.0
2018-12-06,14.81,16.26,14.56,16.02,29136697.0
2018-12-07,15.97,15.97,14.66,14.71,18469946.0
2018-12-10,14.62,14.845,14.19,14.57,14047623.0
2018-12-11,14.58,14.83,14.38,14.74,16343589.0
2018-12-12,14.96,14.99,14.63,14.64,14122854.0
2018-12-13,14.65,14.93,14.44,14.49,12862136.0
2018-12-14,14.35,14.46,14.2,14.22,11166186.0
2018-12-17,14.17,14.27,13.55,13.59,17072752.0
2018-12-18,13.71,13.93,13.54,13.63,12805013.0
2018-12-19,13.59,13.84,13.07,13.17,14299881.0
2018-12-20,13.08,13.16,12.595,12.65,18528340.0
2018-12-21,12.66,13.0,12.485,12.61,25427629.0
2018-12-24,12.46,12.595,12.225,12.27,5400214.0
2018-12-26,12.34,12.86,12.0868,12.81,10312248.0
2018-12-27,12.69,13.12,12.54,13.1,8150284.0
2018-12-28,13.21,13.315,12.97,13.03,8726986.0
2018-12-31,13.17,13.255,13.03,13.21,6453785.0
2019-01-02,12.95,13.64,12.95,13.46,10865536.0
2019-01-03,13.28,13.37,12.93,13.18,11921669.0
2019-01-04,13.51,13.92,13.45,13.8,11277089.0
2019-01-07,13.82,14.17,13.75,14.07,8027463.0
2019-01-08,14.19,14.31,13.685,13.8,12732472.0
2019-01-09,13.88,14.195,13.88,14.06,7668107.0
2019-01-10,13.99,14.14,13.88,14.13,8556153.0
2019-01-11,14.04,14.26,13.89,14.24,6507207.0
2019-01-14,14.11,14.3067,14.01,14.16,8960258.0
2019-01-15,14.21,14.49,14.17,14.44,6786449.0
2019-01-16,13.77,14.37,13.73,14.32,12256760.0
2019-01-17,14.26,14.4,14.1,14.27,6239980.0
2019-01-18,14.38,14.75,14.38,14.68,8935855.0
2019-01-22,14.66,14.66,14.35,14.45,9537611.0
2019-01-23,14.52,14.69,14.32,14.44,6831401.0
2019-01-24,14.48,14.88,14.44,14.76,7087941.0
2019-01-25,14.94,15.38,14.905,15.35,17843446.0
2019-01-28,15.11,15.67,15.07,15.66,29335781.0
2019-01-29,15.75,15.86,15.365,15.37,20884296.0
2019-01-30,15.48,15.67,15.275,15.52,7852407.0
2019-01-31,15.47,15.65,15.35,15.59,11945802.0
2019-02-01,15.69,15.81,15.565,15.69,9152135.0
2019-02-04,15.73,15.85,15.58,15.79,9193826.0
2019-02-05,15.79,16.099,15.78,15.89,6625746.0
2019-02-06,15.94,16.19,15.9,16.09,7159007.0
2019-02-07,15.91,16.095,15.75,15.85,6135546.0
2019-02-08,15.66,15.925,15.62,15.92,7984709.0
2019-02-11,15.91,16.045,15.83,15.84,7940047.0
2019-02-12,16.01,16.15,15.97,16.0,13904488.0
2019-02-13,16.1,16.24,16.03,16.05,11945640.0
2019-02-14,15.91,16.13,15.86,15.99,7968638.0
2019-02-15,16.11,16.24,15.99,16.09,11932675.0
2019-02-19,16.03,16.13,15.98,16.09,8588891.0
2019-02-20,16.1,16.22,16.03,16.05,9809083.0
2019-02-21,16.11,16.39,16.03,16.23,15909668.0
2019-02-22,16.5,16.5,16.01,16.32,22478462.0
2019-02-25,16.35,16.92,16.345,16.76,13110220.0
2019-02-26,16.73,16.97,16.71,16.8,10049486.0
2019-02-27,16.75,16.815,16.695,16.7,8381341.0
2019-02-28,16.6,16.65,16.34,16.38,13489380.0
2019-03-01,16.54,16.54,16.255,16.38,21879849.0
2019-03-04,16.45,16.52,15.94,16.16,14646293.0
2019-03-05,16.09,16.24,15.92,16.14,15853174.0
2019-03-06,16.11,16.14,15.94,15.96,6343393.0
2019-03-07,15.86,15.94,15.6,15.67,14207932.0
2019-03-08,15.52,15.665,15.415,15.61,7802272.0
2019-03-11,15.64,15.93,15.635,15.89,11689042.0
2019-03-12,15.35,15.49,15.13,15.31,17676653.0
2019-03-13,15.38,15.59,15.32,15.52,11306026.0
2019-03-14,15.59,15.715,15.49,15.66,10097390.0
2019-03-15,15.66,16.105,15.66,16.07,20228345.0
2019-03-18,16.0,16.11,15.74,15.84,11519435.0
2019-03-19,15.9,16.04,15.831,15.88,15502577.0
2019-03-20,15.87,16.04,15.77,15.87,10351713.0
2019-03-21,15.89,16.12,15.89,16.02,17721267.0
2019-03-22,15.8,15.94,15.27,15.29,12345237.0
2019-03-25,15.3,15.38,15.05,15.15,12410764.0
2019-03-26,15.19,15.455,15.18,15.31,9274588.0
2019-03-27,15.36,15.435,15.17,15.26,7721980.0
2019-03-28,15.35,15.535,15.23,15.26,9649361.0
2019-03-29,15.42,15.46,15.325,15.43,9937311.0
2019-04-01,15.55,15.91,15.54,15.9,10995749.0
2019-04-02,15.93,16.01,15.815,15.82,6484600.0
2019-04-03,16.02,16.08,15.74,15.85,12210816.0
2019-04-04,15.9,16.11,15.85,16.07,9514047.0
2019-04-05,16.01,16.17,16.0,16.15,6083878.0
2019-04-08,16.14,16.26,16.0621,16.19,6414083.0
2019-04-09,16.12,16.14,15.9,15.95,5018951.0
2019-04-10,15.97,16.27,15.94,16.27,5654551.0
2019-04-11,16.18,16.325,16.1,16.27,6985345.0
2019-04-12,16.39,16.48,16.29,16.4,5240094.0
2019-04-15,16.36,16.5,16.36,16.49,5233334.0
2019-04-16,16.5,16.695,16.48,16.6,14190915.0
2019-04-17,16.63,16.69,16.43,16.57,9137088.0
2019-04-18,16.59,16.71,16.515,16.66,9627193.0
2019-04-22,16.66,16.68,16.58,16.59,5423736.0
2019-04-23,16.61,16.69,16.5,16.53,10311812.0
2019-04-24,16.51,16.61,16.26,16.27,9147127.0
2019-04-25,16.26,16.31,15.935,16.01,9782273.0
2019-04-26,15.87,15.94,15.595,15.77,11613379.0
2019-04-29,15.73,15.965,15.67,15.71,7794947.0
2019-04-30,15.68,15.81,15.53,15.81,10384858.0
2019-05-01,15.95,16.07,15.78,15.79,6609889.0
2019-05-02,15.81,15.97,15.64,15.74,5105366.0
2019-05-03,15.78,15.96,15.77,15.93,5139268.0
2019-05-06,15.59,15.73,15.45,15.66,5543643.0
2019-05-07,15.47,15.62,15.33,15.43,7565544.0
2019-05-08,15.42,15.54,15.33,15.35,5554895.0
2019-05-09,15.17,15.23,14.865,15.22,7525334.0
2019-05-10,15.08,15.185,14.77,14.79,14643535.0
2019-05-13,14.45,14.53,14.09,14.16,12346285.0
2019-05-14,14.19,14.395,14.19,14.24,9175689.0
2019-05-15,14.06,14.445,14.05,14.42,15286008.0
2019-05-16,14.44,14.68,14.43,14.53,14153447.0
2019-05-17,14.62,14.92,14.47,14.62,16330323.0
2019-05-20,14.4,14.87,14.37,14.75,11407905.0
2019-05-21,14.88,15.31,14.86,15.25,11137705.0
2019-05-22,15.17,15.21,14.67,14.71,8819763.0
2019-05-23,14.52,14.54,14.27,14.32,12423655.0
2019-05-24,14.28,15.17,14.28,14.39,24819167.0
2019-05-28,14.44,14.63,14.145,14.17,16535203.0
2019-05-29,14.06,14.285,13.99,14.13,8329219.0
2019-05-30,14.25,14.36,14.135,14.22,9041274.0
2019-05-31,13.95,13.98,13.59,13.72,13986988.0
2019-06-03,13.74,13.875,13.55,13.69,11097971.0
2019-06-04,13.85,14.175,13.82,14.13,8911035.0
2019-06-05,14.33,14.36,13.92,14.09,8914073.0
2019-06-06,13.99,14.055,13.69,13.99,10444265.0
2019-06-07,13.98,14.16,13.89,14.09,8912023.0
2019-06-10,14.18,14.39,14.18,14.26,8844764.0
2019-06-11,14.27,14.4085,14.11,14.26,7146257.0
2019-06-12,14.25,14.31,14.11,14.14,5917627.0
2019-06-13,14.21,14.36,14.17,14.35,7195312.0
2019-06-14,14.25,14.25,14.05,14.15,5930319.0
2019-06-17,14.18,14.43,14.11,14.3,9903362.0
2019-06-18,14.41,14.74,14.375,14.59,8172215.0
2019-06-19,14.67,14.84,14.61,14.71,9637354.0
2019-06-20,14.98,15.04,14.74,15.0,10038162.0
2019-06-21,15.03,15.06,14.84,14.94,15542128.0
2019-06-24,15.02,15.11,14.95,15.01,6810464.0
2019-06-25,14.96,15.015,14.75,14.76,8223273.0
2019-06-26,14.87,15.12,14.86,14.96,8407592.0
2019-06-27,14.99,15.22,14.94,14.97,6214473.0
2019-06-28,15.03,15.17,14.94,14.95,20533145.0
2019-07-01,15.24,15.485,15.04,15.14,10223822.0
2019-07-02,15.13,15.22,14.965,15.08,7444674.0
2019-07-03,15.07,15.315,15.045,15.29,6049042.0
2019-07-05,15.16,15.29,15.025,15.17,6018521.0
2019-07-08,15.08,15.08,14.855,15.03,7342842.0
2019-07-09,14.92,14.94,14.655,14.87,7482577.0
2019-07-10,15.01,15.13,14.76,14.77,7082121.0
2019-07-11,14.79,14.875,14.48,14.6,12929496.0
2019-07-12,14.64,14.975,14.64,14.91,8061869.0
2019-07-15,14.89,15.05,14.87,14.96,4655868.0
2019-07-16,14.98,15.03,14.785,14.81,6996520.0
2019-07-17,14.8,14.85,14.67,14.69,7100806.0
2019-07-18,14.61,14.82,14.6,14.75,8277387.0
2019-07-19,14.79,14.96,14.78,14.84,5765012.0
2019-07-22,14.8,14.87,14.26,14.3,11954753.0
2019-07-23,14.4,14.655,14.37,14.61,8771276.0
2019-07-24,14.64,14.845,14.59,14.74,8067927.0
2019-07-25,14.72,14.72,14.435,14.51,8822665.0
2019-07-26,14.54,14.73,14.46,14.63,6893014.0
2019-07-29,14.59,14.67,14.56,14.635,956875.0
