Date,High,Low,Open,Close,Volume,Adj Close
2014-08-06,168875.0,139913.0,146848.0,168875.0,1067460.0,155564.5
2014-08-07,194165.0,173362.0,177033.0,194165.0,562972.0,178861.15625
2014-08-08,219455.0,177441.0,199468.0,177849.0,583228.0,163831.1875
2014-08-11,190902.0,171730.0,180704.0,181112.0,322929.0,166836.984375
2014-08-12,190086.0,177033.0,186823.0,177849.0,108276.0,163831.1875
2014-08-13,178257.0,168467.0,175809.0,168875.0,134986.0,155564.5
2014-08-14,175401.0,163572.0,168875.0,166019.0,102301.0,152933.59375
2014-08-18,183559.0,162348.0,166019.0,179072.0,142324.0,164957.78125
2014-08-19,183559.0,174585.0,177849.0,174993.0,118140.0,161200.28125
2014-08-20,176217.0,166835.0,174993.0,166835.0,59698.0,153685.28125
2014-08-21,163164.0,152558.0,162348.0,155414.0,179850.0,143164.46875
2014-08-22,156229.0,148071.0,155822.0,151742.0,77553.0,139781.890625
2014-08-25,153374.0,145216.0,151742.0,145624.0,83906.0,134146.109375
2014-08-26,157453.0,146848.0,146848.0,151742.0,187478.0,139781.890625
2014-08-27,158677.0,145216.0,153374.0,154598.0,104397.0,142412.78125
2014-08-28,170506.0,154190.0,156229.0,164796.0,145395.0,151806.984375
2014-08-29,166427.0,157453.0,165203.0,159493.0,42522.0,146921.953125
2014-09-01,167243.0,159901.0,162756.0,159901.0,35917.0,147297.8125
2014-09-02,166427.0,160309.0,162348.0,161940.0,46950.0,149176.109375
2014-09-03,169690.0,162756.0,162756.0,163572.0,60464.0,150679.46875
2014-09-04,167243.0,151742.0,166427.0,152558.0,97708.0,140533.5625
2014-09-05,150927.0,142768.0,142768.0,150927.0,752918.0,139031.125
2014-09-11,149703.0,146440.0,149295.0,147663.0,154698.0,136024.390625
2014-09-12,147663.0,141545.0,147663.0,144808.0,107182.0,133394.421875
2014-09-15,150111.0,145624.0,148071.0,149295.0,112792.0,137527.765625
2014-09-16,158269.0,144400.0,148479.0,156637.0,181004.0,144291.078125
2014-09-17,162348.0,156637.0,158269.0,161532.0,131006.0,148800.25
2014-09-18,163572.0,159085.0,161532.0,161532.0,71300.0,148800.25
2014-09-19,172138.0,160716.0,163164.0,161532.0,153306.0,148800.25
2014-09-22,163164.0,156637.0,161532.0,160309.0,53683.0,147673.640625
2014-09-23,166835.0,158677.0,159901.0,166019.0,79974.0,152933.59375
2014-09-24,172546.0,163572.0,165203.0,172138.0,87230.0,158570.3125
2014-09-25,174585.0,169690.0,173362.0,170098.0,68453.0,156691.109375
2014-09-26,175401.0,167243.0,167243.0,172546.0,58707.0,158946.15625
2014-09-29,181928.0,171730.0,174178.0,177441.0,112514.0,163455.328125
2014-09-30,179888.0,173362.0,178257.0,175809.0,55487.0,161951.96875
2014-10-01,179480.0,173770.0,176217.0,175401.0,56244.0,161576.125
2014-10-02,182744.0,172546.0,174178.0,181112.0,49527.0,166836.984375
2014-10-06,191718.0,179480.0,182744.0,180296.0,117174.0,166085.296875
2014-10-07,182336.0,172138.0,182336.0,181520.0,43554.0,167212.84375
2014-10-08,180704.0,176217.0,179888.0,176217.0,40215.0,162327.8125
2014-10-10,176217.0,160716.0,174585.0,167243.0,85760.0,154061.125
2014-10-13,169283.0,160716.0,167243.0,165203.0,57035.0,152181.90625
2014-10-14,166835.0,160716.0,164796.0,162348.0,35576.0,149551.9375
2014-10-15,168059.0,157045.0,162348.0,167243.0,51818.0,154061.125
2014-10-16,174178.0,162756.0,163980.0,172138.0,36256.0,158570.3125
2014-10-17,175809.0,168875.0,175809.0,172546.0,30969.0,158946.15625
2014-10-20,179888.0,173770.0,174585.0,176217.0,48780.0,162327.8125
2014-10-21,180296.0,175401.0,179480.0,179480.0,25736.0,165333.625
2014-10-22,189270.0,177441.0,181112.0,188862.0,49752.0,173976.15625
2014-10-23,194981.0,181520.0,188454.0,183152.0,59742.0,168716.1875
2014-10-24,193757.0,176625.0,186415.0,183152.0,68790.0,168716.1875
2014-10-27,184375.0,176625.0,182336.0,177849.0,27592.0,163831.1875
2014-10-28,189678.0,178664.0,183152.0,189678.0,49722.0,174727.828125
2014-10-29,191310.0,183967.0,189678.0,184783.0,30455.0,170218.640625
2014-10-30,189270.0,177849.0,183152.0,183152.0,45172.0,168716.1875
2014-10-31,185191.0,177033.0,184783.0,179072.0,26886.0,164957.78125
2014-11-03,182744.0,173362.0,179888.0,182336.0,30969.0,167964.5
2014-11-04,182336.0,172954.0,182336.0,177441.0,39004.0,163455.328125
2014-11-05,177849.0,162756.0,174178.0,165203.0,131158.0,152181.90625
2014-11-06,167243.0,161124.0,165611.0,162348.0,48093.0,149551.9375
2014-11-07,165611.0,161532.0,161532.0,163164.0,26969.0,150303.625
2014-11-10,165203.0,153374.0,163980.0,153374.0,129606.0,141285.25
2014-11-11,174178.0,155822.0,155822.0,163164.0,239320.0,150303.625
2014-11-12,166019.0,159901.0,166019.0,161124.0,49865.0,148424.421875
2014-11-13,162348.0,155822.0,159901.0,156229.0,56146.0,143915.21875
2014-11-14,158677.0,150927.0,157045.0,151742.0,58276.0,139781.890625
2014-11-17,155414.0,152150.0,153374.0,152150.0,34908.0,140157.75
2014-11-18,156229.0,152150.0,152150.0,153782.0,22476.0,141661.109375
2014-11-19,161532.0,153782.0,153782.0,159901.0,34369.0,147297.8125
2014-11-20,161940.0,155006.0,161532.0,156637.0,36078.0,144291.078125
2014-11-21,159901.0,156637.0,158677.0,157453.0,18603.0,145042.765625
2014-11-24,162348.0,153782.0,159493.0,155006.0,46640.0,142788.625
2014-11-25,162348.0,152150.0,155414.0,161532.0,52168.0,148800.25
2014-11-26,170098.0,161124.0,161124.0,170098.0,72771.0,156691.109375
2014-11-27,172954.0,165203.0,170098.0,171322.0,57507.0,157818.609375
2014-11-28,165611.0,154190.0,165611.0,161532.0,171587.0,148800.25
2014-12-01,161532.0,157045.0,161124.0,161532.0,55781.0,148800.25
2014-12-02,165611.0,161940.0,162756.0,165203.0,54432.0,152181.90625
2014-12-03,165611.0,160716.0,165203.0,164796.0,37137.0,151806.984375
2014-12-04,172954.0,165611.0,165611.0,171730.0,61381.0,158194.46875
2014-12-05,171322.0,166835.0,170098.0,168875.0,21067.0,155564.5
2014-12-08,170506.0,161940.0,170098.0,164796.0,32934.0,151806.984375
2014-12-09,166427.0,159493.0,165611.0,159493.0,30159.0,146921.953125
2014-12-10,162756.0,155822.0,161124.0,157045.0,20696.0,144666.921875
2014-12-11,160716.0,156229.0,157045.0,159901.0,34009.0,147297.8125
2014-12-12,161124.0,155006.0,159901.0,160309.0,32496.0,147673.640625
2014-12-15,158677.0,156229.0,156229.0,157453.0,22418.0,145042.765625
2014-12-16,156637.0,147663.0,156637.0,149703.0,78435.0,137903.59375
2014-12-17,151335.0,143176.0,150927.0,145624.0,77080.0,134146.109375
2014-12-18,146440.0,140321.0,146440.0,142768.0,64905.0,131515.21875
2014-12-19,148887.0,143584.0,143992.0,146032.0,63307.0,134521.9375
2014-12-22,150519.0,147255.0,148071.0,148887.0,21659.0,137151.921875
2014-12-23,150111.0,146032.0,150111.0,146848.0,11940.0,135273.640625
2014-12-24,149295.0,146848.0,147255.0,148479.0,16667.0,136776.078125
2014-12-26,152966.0,148887.0,150111.0,150927.0,20945.0,139031.125
2014-12-29,150519.0,145216.0,150519.0,147663.0,31571.0,137389.859375
2014-12-30,149295.0,142768.0,147663.0,145216.0,41222.0,135113.09375
2015-01-02,147255.0,143584.0,145216.0,145216.0,16755.0,135113.09375
2015-01-05,146440.0,144400.0,146032.0,145216.0,20661.0,135113.09375
2015-01-06,144400.0,140321.0,143584.0,141137.0,27065.0,131317.875
2015-01-07,146848.0,139505.0,139505.0,146848.0,38217.0,136631.546875
2015-01-08,148479.0,142361.0,148071.0,143176.0,28717.0,133215.015625
2015-01-09,145216.0,141953.0,143176.0,143584.0,21342.0,133594.640625
2015-01-12,150519.0,142361.0,142361.0,146032.0,77154.0,135872.328125
2015-01-13,148071.0,144808.0,146032.0,146032.0,42089.0,135872.328125
2015-01-14,148071.0,142361.0,147255.0,142768.0,36195.0,132835.40625
2015-01-15,145624.0,141953.0,141953.0,143584.0,25674.0,133594.640625
2015-01-16,144400.0,141545.0,143176.0,143584.0,21429.0,133594.640625
2015-01-19,148479.0,143992.0,147255.0,144808.0,42741.0,134733.46875
2015-01-20,147663.0,143584.0,146032.0,144808.0,23405.0,134733.46875
2015-01-21,146848.0,143176.0,145624.0,143176.0,31100.0,133215.015625
2015-01-22,145624.0,141137.0,144400.0,141137.0,32985.0,131317.875
2015-01-23,143992.0,139505.0,143176.0,140321.0,36740.0,130558.65625
2015-01-26,141953.0,137058.0,140321.0,137058.0,49573.0,127522.6640625
2015-01-27,138689.0,131755.0,137874.0,132979.0,93025.0,123727.4375
2015-01-28,144400.0,130939.0,132979.0,142768.0,80762.0,132835.40625
2015-01-29,148479.0,140729.0,143992.0,143584.0,58729.0,133594.640625
2015-01-30,148479.0,141137.0,144400.0,148479.0,66308.0,138149.09375
2015-02-02,145624.0,141953.0,143584.0,143584.0,49888.0,133594.640625
2015-02-03,147663.0,141137.0,141953.0,146848.0,49895.0,136631.546875
2015-02-04,149703.0,145624.0,148479.0,145624.0,44347.0,135492.71875
2015-02-05,145624.0,140321.0,144400.0,145624.0,61029.0,135492.71875
2015-02-06,149703.0,144808.0,145624.0,147663.0,49024.0,137389.859375
2015-02-09,149295.0,146848.0,149295.0,147663.0,26065.0,137389.859375
2015-02-10,149703.0,143992.0,148479.0,147663.0,27366.0,137389.859375
2015-02-11,155822.0,145216.0,148479.0,155822.0,73446.0,144981.21875
2015-02-12,156637.0,150519.0,156637.0,150927.0,25877.0,140426.78125
2015-02-13,152558.0,146440.0,152558.0,150927.0,29999.0,140426.78125
2015-02-16,152150.0,148887.0,152150.0,150927.0,15978.0,140426.78125
2015-02-17,150927.0,147663.0,150927.0,149295.0,12221.0,138908.3125
2015-02-23,151335.0,146848.0,147663.0,151335.0,32649.0,140806.390625
2015-02-24,152966.0,150111.0,151742.0,151335.0,18140.0,140806.390625
2015-02-25,155414.0,152558.0,154190.0,152966.0,26479.0,142323.90625
2015-02-26,156637.0,154190.0,155006.0,155822.0,45720.0,144981.21875
2015-02-27,157045.0,155414.0,156637.0,157045.0,29238.0,146119.140625
2015-03-02,160716.0,155414.0,156229.0,160309.0,45267.0,149156.046875
2015-03-03,164388.0,159085.0,163164.0,159085.0,36840.0,148017.21875
2015-03-04,161124.0,156637.0,159085.0,159901.0,28804.0,148776.4375
2015-03-05,162756.0,156637.0,160309.0,157861.0,31687.0,146878.375
2015-03-06,163164.0,156229.0,159085.0,161532.0,57936.0,150293.953125
2015-03-09,167243.0,159901.0,163572.0,161532.0,43168.0,150293.953125
2015-03-10,163164.0,156229.0,161532.0,157045.0,29596.0,146119.140625
2015-03-11,162348.0,154598.0,155006.0,160309.0,50988.0,149156.046875
2015-03-12,163164.0,159085.0,160309.0,163164.0,29062.0,151812.421875
2015-03-13,164388.0,161532.0,162756.0,162756.0,29574.0,151432.8125
2015-03-16,162756.0,157861.0,162348.0,159085.0,17680.0,148017.21875
2015-03-17,159085.0,153374.0,159085.0,155006.0,51335.0,144221.984375
2015-03-18,155822.0,150927.0,155822.0,152150.0,35303.0,141564.6875
2015-03-19,153782.0,149703.0,152558.0,150927.0,26923.0,140426.78125
2015-03-20,153782.0,150111.0,151335.0,152558.0,20172.0,141944.296875
2015-03-23,154598.0,152558.0,152966.0,153374.0,17559.0,142703.515625
2015-03-24,152966.0,150111.0,152150.0,152966.0,21456.0,142323.90625
2015-03-25,152966.0,150111.0,152966.0,151742.0,13371.0,141185.078125
2015-03-26,151742.0,147255.0,150519.0,148071.0,24232.0,137769.484375
2015-03-27,150927.0,147255.0,149295.0,147663.0,17617.0,137389.859375
2015-03-30,151742.0,146032.0,148071.0,151742.0,22715.0,141185.078125
2015-03-31,153782.0,149295.0,152558.0,152966.0,18210.0,142323.90625
2015-04-01,155414.0,151742.0,152558.0,154190.0,43343.0,143462.765625
2015-04-02,159493.0,154598.0,154598.0,156637.0,65519.0,145739.53125
2015-04-03,167243.0,159085.0,159493.0,163164.0,102887.0,151812.421875
2015-04-06,169283.0,163164.0,167243.0,164796.0,37717.0,153330.890625
2015-04-07,165203.0,160309.0,163980.0,165203.0,34657.0,153709.578125
2015-04-08,166427.0,161532.0,166019.0,166019.0,35236.0,154468.8125
2015-04-09,165203.0,160716.0,165203.0,160716.0,26907.0,149534.734375
2015-04-10,161124.0,156229.0,158677.0,161124.0,33357.0,149914.34375
2015-04-13,162756.0,155822.0,161940.0,159085.0,33465.0,148017.21875
2015-04-14,161940.0,156229.0,159493.0,157453.0,43489.0,146498.75
2015-04-15,169690.0,157861.0,159085.0,169283.0,87472.0,157505.703125
2015-04-16,174585.0,168059.0,169690.0,170098.0,58354.0,158264.015625
2015-04-17,179072.0,169283.0,171322.0,179072.0,76548.0,166613.6875
2015-04-20,183559.0,174585.0,175809.0,181928.0,53980.0,169271.0
2015-04-21,182744.0,178664.0,181928.0,180296.0,36627.0,167752.53125
2015-04-22,185191.0,175401.0,179072.0,180296.0,75177.0,167752.53125
2015-04-23,181520.0,175401.0,180296.0,180296.0,46172.0,167752.53125
2015-04-24,182744.0,176217.0,180296.0,176625.0,24431.0,164336.921875
2015-04-27,178257.0,170506.0,175401.0,171322.0,38024.0,159402.859375
2015-04-28,174585.0,169690.0,172546.0,169690.0,25571.0,157884.390625
2015-04-29,172546.0,162756.0,170914.0,163164.0,58792.0,151812.421875
2015-04-30,166427.0,160716.0,163164.0,163164.0,25795.0,151812.421875
2015-05-04,164388.0,159085.0,163980.0,162348.0,23005.0,151053.203125
2015-05-06,163980.0,150519.0,163980.0,156637.0,52133.0,145739.53125
2015-05-07,158269.0,148887.0,155822.0,156637.0,44169.0,145739.53125
2015-05-08,165203.0,152150.0,156637.0,165203.0,54237.0,153709.578125
2015-05-11,169283.0,162756.0,165611.0,169283.0,42313.0,157505.703125
2015-05-12,169283.0,160716.0,169283.0,160716.0,26886.0,149534.734375
2015-05-13,161940.0,157045.0,160716.0,159085.0,38962.0,148017.21875
2015-05-14,163164.0,157453.0,162756.0,158677.0,37431.0,147637.59375
2015-05-15,162348.0,157861.0,159493.0,160309.0,46232.0,149156.046875
2015-05-18,162348.0,157861.0,161940.0,162348.0,38451.0,151053.203125
2015-05-19,180704.0,161124.0,162348.0,177849.0,123845.0,165475.765625
2015-05-20,179888.0,174585.0,179072.0,178257.0,52928.0,165855.390625
2015-05-21,189678.0,175401.0,180704.0,184783.0,69514.0,171927.359375
2015-05-22,188454.0,177849.0,184783.0,182336.0,36246.0,169650.609375
2015-05-26,190494.0,177849.0,181112.0,189270.0,52903.0,176102.1875
2015-05-27,192126.0,183967.0,186415.0,187639.0,36290.0,174584.65625
2015-05-28,190494.0,185599.0,188046.0,190494.0,38687.0,177241.046875
2015-05-29,219048.0,205587.0,218640.0,219048.0,198744.0,203808.484375
2015-06-01,242706.0,215376.0,219048.0,232917.0,164105.0,216712.609375
2015-06-02,231285.0,218232.0,228837.0,220271.0,95896.0,204946.40625
2015-06-03,225982.0,217416.0,220271.0,217824.0,56886.0,202669.640625
2015-06-04,250457.0,216192.0,216192.0,250457.0,125421.0,233032.3125
2015-06-05,256983.0,239035.0,250457.0,247193.0,83292.0,229995.40625
2015-06-08,254536.0,234956.0,243930.0,235772.0,79339.0,219368.96875
2015-06-09,241075.0,228837.0,236180.0,231693.0,59984.0,215573.765625
2015-06-10,237404.0,225574.0,234956.0,228022.0,42959.0,212158.15625
2015-06-11,234140.0,221495.0,231693.0,222311.0,51505.0,206844.46875
2015-06-12,230877.0,219863.0,222719.0,221495.0,48203.0,206085.25
2015-06-15,225166.0,212929.0,222719.0,216192.0,41557.0,201151.1875
2015-06-16,225982.0,214153.0,217008.0,224758.0,65818.0,209121.234375
2015-06-17,227206.0,218232.0,227206.0,221903.0,30414.0,206464.859375
2015-06-18,228022.0,216192.0,224758.0,216600.0,36330.0,201530.796875
2015-06-19,218640.0,203139.0,217008.0,204771.0,93434.0,190524.765625
2015-06-22,210481.0,199468.0,204771.0,210481.0,48845.0,195837.5
2015-06-23,239443.0,212113.0,213745.0,228837.0,132317.0,212916.46875
2015-06-24,233732.0,222311.0,230877.0,225574.0,36446.0,209880.46875
2015-06-25,228022.0,220271.0,227206.0,225982.0,28989.0,210260.078125
2015-06-26,227206.0,220679.0,226798.0,222719.0,21834.0,207224.109375
2015-06-29,232101.0,212521.0,216192.0,227206.0,54790.0,211398.921875
2015-06-30,231693.0,221903.0,227206.0,228837.0,38445.0,212916.46875
2015-07-01,231285.0,225166.0,229245.0,227614.0,21019.0,211778.53125
2015-07-02,233324.0,226390.0,229245.0,227614.0,30226.0,211778.53125
2015-07-03,230061.0,221495.0,230061.0,222719.0,16679.0,207224.109375
2015-07-06,220271.0,210481.0,218640.0,215784.0,39745.0,200771.578125
2015-07-07,217824.0,197428.0,216192.0,202323.0,34489.0,188247.078125
2015-07-08,204771.0,191718.0,203955.0,197020.0,45385.0,183313.015625
2015-07-09,213337.0,187639.0,194165.0,210074.0,47883.0,195458.8125
2015-07-10,223535.0,208034.0,212113.0,214153.0,26128.0,199254.046875
2015-07-13,221087.0,214153.0,214153.0,218232.0,17727.0,203049.25
2015-07-14,223127.0,217416.0,218232.0,218232.0,16027.0,203049.25
2015-07-15,230877.0,218232.0,220271.0,230877.0,50565.0,214814.546875
2015-07-16,230061.0,222311.0,230061.0,223535.0,22843.0,207983.328125
2015-07-17,232101.0,224350.0,228430.0,227614.0,20107.0,211778.53125
2015-07-20,237811.0,227206.0,230061.0,233732.0,37881.0,217470.890625
2015-07-21,244338.0,235364.0,243930.0,239851.0,52763.0,223164.203125
2015-07-22,243522.0,232509.0,241075.0,240259.0,32615.0,223543.8125
2015-07-23,254128.0,237811.0,240259.0,250865.0,51649.0,233411.9375
2015-07-24,250865.0,242706.0,246378.0,242706.0,22869.0,225820.5625
2015-07-27,245970.0,237404.0,243114.0,240667.0,11375.0,223923.421875
2015-07-28,240667.0,230061.0,235772.0,232101.0,28194.0,215953.375
2015-07-29,254536.0,234140.0,236588.0,250457.0,38746.0,233032.3125
2015-07-30,250049.0,241483.0,247193.0,241483.0,21518.0,224682.640625
2015-07-31,255352.0,232509.0,241891.0,244338.0,30645.0,227339.015625
2015-08-03,251272.0,239851.0,244338.0,244338.0,16431.0,227339.015625
2015-08-04,250049.0,239035.0,248417.0,241483.0,11189.0,224682.640625
2015-08-05,241891.0,235772.0,241891.0,237811.0,20218.0,221266.125
2015-08-06,240259.0,228430.0,236180.0,236180.0,29319.0,219748.59375
2015-08-07,240667.0,232509.0,236180.0,239851.0,23088.0,223164.203125
2015-08-10,252904.0,240259.0,240259.0,252088.0,43394.0,234549.84375
2015-08-11,259839.0,249641.0,255759.0,251680.0,38135.0,234170.234375
2015-08-12,252904.0,214153.0,252496.0,230061.0,69790.0,214055.296875
2015-08-13,241891.0,228430.0,234140.0,235772.0,37521.0,219368.96875
2015-08-14,235772.0,235772.0,235772.0,235772.0,0.0,219368.96875
2015-08-17,242298.0,232509.0,235772.0,240259.0,16772.0,223543.8125
2015-08-18,242298.0,236588.0,239443.0,238219.0,20486.0,221645.734375
2015-08-19,237811.0,208034.0,237404.0,227206.0,66429.0,211398.921875
2015-08-20,227206.0,212521.0,226798.0,214561.0,42927.0,199633.671875
2015-08-21,220271.0,199468.0,203955.0,215376.0,41574.0,200391.96875
2015-08-24,221903.0,201915.0,208850.0,209666.0,23595.0,195079.203125
2015-08-25,223942.0,203955.0,210889.0,217824.0,32609.0,202669.640625
2015-08-26,226390.0,217824.0,221087.0,220271.0,35726.0,204946.40625
2015-08-27,242706.0,221087.0,221087.0,234956.0,67559.0,218609.75
2015-08-28,240667.0,224758.0,237811.0,225166.0,105420.0,209500.84375
2015-08-31,227206.0,217416.0,227206.0,222719.0,34112.0,207224.109375
2015-09-01,227614.0,219455.0,223535.0,220271.0,33419.0,204946.40625
2015-09-02,220271.0,212521.0,215376.0,219455.0,20053.0,204187.171875
2015-09-03,223942.0,213745.0,223535.0,214968.0,23194.0,200012.359375
2015-09-04,217416.0,206402.0,214968.0,208442.0,23123.0,193940.359375
2015-09-07,214561.0,203139.0,208442.0,205587.0,30108.0,191284.0
2015-09-08,209666.0,195389.0,206810.0,199876.0,32372.0,185970.3125
2015-09-09,216192.0,202323.0,203139.0,209666.0,28145.0,195079.203125
2015-09-10,210074.0,204771.0,209258.0,210074.0,11021.0,195458.8125
2015-09-11,214561.0,208034.0,210074.0,212113.0,10327.0,197355.96875
2015-09-14,212113.0,203955.0,210889.0,203955.0,12929.0,189765.53125
2015-09-15,205587.0,203547.0,203955.0,205587.0,8667.0,191284.0
2015-09-16,209666.0,204363.0,205994.0,206810.0,17037.0,192421.921875
2015-09-17,211705.0,208034.0,208442.0,210889.0,20637.0,196217.125
2015-09-18,219048.0,210074.0,212113.0,216192.0,27696.0,201151.1875
2015-09-21,219048.0,211297.0,212929.0,213745.0,12581.0,198874.421875
2015-09-22,217416.0,212113.0,213745.0,217416.0,13027.0,202290.03125
2015-09-23,216600.0,211705.0,215784.0,212113.0,12264.0,197355.96875
2015-09-24,220679.0,212521.0,213337.0,220271.0,26485.0,204946.40625
2015-09-25,222719.0,214153.0,221495.0,219048.0,14601.0,203808.484375
2015-09-30,222311.0,214561.0,214968.0,221903.0,17343.0,206464.859375
2015-10-01,224350.0,220271.0,222719.0,220679.0,15246.0,205326.03125
2015-10-02,223942.0,212929.0,223127.0,215376.0,22230.0,200391.96875
2015-10-05,223535.0,217416.0,219455.0,220271.0,25133.0,204946.40625
2015-10-06,228430.0,222311.0,223942.0,227614.0,31019.0,211778.53125
2015-10-07,230877.0,220271.0,227206.0,223127.0,14458.0,207603.71875
2015-10-08,226390.0,221903.0,226390.0,224758.0,12473.0,209121.234375
2015-10-12,225166.0,212929.0,224758.0,213337.0,32608.0,198494.8125
2015-10-13,217008.0,212521.0,213745.0,213745.0,14232.0,198874.421875
2015-10-14,214153.0,203547.0,213745.0,205994.0,30553.0,191662.671875
2015-10-15,213337.0,203955.0,205587.0,212929.0,10640.0,198115.203125
2015-10-16,213745.0,208850.0,210889.0,213337.0,10892.0,198494.8125
2015-10-19,216192.0,211705.0,214561.0,213745.0,17272.0,198874.421875
2015-10-20,215784.0,210481.0,211297.0,212929.0,7649.0,198115.203125
2015-10-21,215376.0,212113.0,212929.0,214561.0,8362.0,199633.671875
2015-10-22,214968.0,210481.0,212521.0,213337.0,13871.0,198494.8125
2015-10-23,214561.0,207218.0,212521.0,208034.0,25227.0,193560.75
2015-10-26,212113.0,208442.0,208442.0,210889.0,9264.0,196217.125
2015-10-27,211297.0,208850.0,210074.0,210481.0,5066.0,195837.5
2015-10-28,211705.0,209258.0,210481.0,211297.0,6617.0,196596.734375
2015-10-29,213337.0,205994.0,211297.0,208442.0,9524.0,193940.359375
2015-10-30,209258.0,203955.0,208850.0,204363.0,9532.0,190145.15625
2015-11-02,203955.0,199468.0,203955.0,200692.0,10527.0,186729.546875
2015-11-03,203547.0,200284.0,200692.0,201100.0,7663.0,187109.15625
2015-11-04,202323.0,199468.0,201100.0,201915.0,10457.0,187867.453125
2015-11-05,202323.0,196205.0,201507.0,198244.0,16920.0,184451.875
2015-11-06,199060.0,189270.0,198244.0,198244.0,27699.0,184451.875
2015-11-09,198244.0,190086.0,198244.0,190494.0,14526.0,177241.046875
2015-11-10,190494.0,184375.0,188862.0,186007.0,15056.0,173066.203125
2015-11-11,188862.0,182336.0,183559.0,182336.0,19813.0,169650.609375
2015-11-12,193349.0,182336.0,182336.0,192126.0,30773.0,178759.5
2015-11-13,196613.0,189678.0,191718.0,195797.0,13865.0,182175.09375
2015-11-16,198652.0,191718.0,193349.0,194981.0,15931.0,181415.875
2015-11-17,197836.0,193349.0,194165.0,195797.0,7730.0,182175.09375
2015-11-18,201100.0,194981.0,194981.0,198652.0,10383.0,184831.484375
2015-11-19,201100.0,195389.0,201100.0,199060.0,8890.0,185211.09375
2015-11-20,201100.0,195797.0,196613.0,198652.0,5789.0,184831.484375
2015-11-23,215784.0,198652.0,199060.0,213337.0,38712.0,198494.8125
2015-11-24,216192.0,207218.0,214968.0,209258.0,17582.0,194699.59375
2015-11-25,208850.0,204771.0,208034.0,205587.0,8284.0,191284.0
2015-11-26,212929.0,197020.0,205587.0,205179.0,43056.0,190904.375
2015-11-27,208442.0,200284.0,205587.0,200284.0,18961.0,186349.9375
2015-11-30,199876.0,194981.0,199876.0,195389.0,12509.0,181795.484375
2015-12-01,199060.0,194573.0,197428.0,194981.0,8569.0,181415.875
2015-12-02,195797.0,187639.0,195389.0,188454.0,22800.0,175342.96875
2015-12-03,189678.0,184375.0,188454.0,188046.0,10649.0,174963.34375
2015-12-04,197020.0,186007.0,187639.0,194981.0,28878.0,181415.875
2015-12-07,197020.0,190086.0,194573.0,195797.0,19737.0,182175.09375
2015-12-08,195797.0,187639.0,192533.0,188046.0,12242.0,174963.34375
2015-12-09,189678.0,184375.0,188454.0,184375.0,8305.0,171547.75
2015-12-10,189678.0,184375.0,184375.0,189270.0,8546.0,176102.1875
2015-12-11,191718.0,184375.0,189270.0,185599.0,9844.0,172686.578125
2015-12-14,187231.0,181928.0,182744.0,186415.0,12052.0,173445.828125
2015-12-15,188454.0,182744.0,183967.0,183559.0,8009.0,170788.5
2015-12-16,185599.0,183559.0,185191.0,185191.0,12817.0,172306.96875
2015-12-17,189678.0,185191.0,186415.0,189678.0,8426.0,176481.8125
2015-12-18,193349.0,186823.0,186823.0,191310.0,14240.0,178000.265625
2015-12-21,195389.0,190086.0,190902.0,194981.0,10832.0,181415.875
2015-12-22,197020.0,190086.0,195797.0,193757.0,14649.0,180277.015625
2015-12-23,194981.0,189678.0,194981.0,190086.0,4969.0,176861.4375
2015-12-24,190902.0,186415.0,190494.0,186823.0,7003.0,173825.4375
2015-12-28,188454.0,178257.0,188454.0,179888.0,18824.0,167372.90625
2015-12-29,185599.0,180704.0,181928.0,184375.0,19068.0,173574.046875
2015-12-30,188862.0,183152.0,185599.0,187231.0,12137.0,176262.71875
2016-01-04,189270.0,186823.0,189270.0,186823.0,8122.0,175878.640625
2016-01-05,186415.0,181520.0,186415.0,182336.0,15674.0,171654.484375
2016-01-06,183559.0,179480.0,182336.0,181112.0,14982.0,170502.1875
2016-01-07,182744.0,176217.0,179480.0,176625.0,16352.0,166278.046875
2016-01-08,183559.0,169690.0,172954.0,181928.0,22885.0,171270.390625
2016-01-11,182336.0,177441.0,180704.0,179480.0,9524.0,168965.796875
2016-01-12,180296.0,176625.0,177849.0,178664.0,20454.0,168197.59375
2016-01-13,184783.0,179480.0,179888.0,183559.0,28423.0,172805.828125
2016-01-14,186823.0,179072.0,180296.0,186823.0,30985.0,175878.640625
2016-01-15,199876.0,188046.0,188046.0,188046.0,70558.0,177029.984375
2016-01-18,203139.0,186823.0,186823.0,196613.0,75166.0,185095.125
2016-01-19,200284.0,192941.0,197020.0,193757.0,25443.0,182406.421875
2016-01-20,197836.0,183967.0,193757.0,192126.0,34199.0,180870.96875
2016-01-21,191718.0,185191.0,191310.0,186415.0,26065.0,175494.53125
2016-01-22,191310.0,183152.0,188454.0,186415.0,32562.0,175494.53125
2016-01-25,189270.0,184375.0,188454.0,186415.0,25025.0,175494.53125
2016-01-26,190494.0,185599.0,186823.0,190086.0,23627.0,178950.484375
2016-01-27,199060.0,190086.0,192941.0,192533.0,29455.0,181254.125
2016-01-28,194573.0,191310.0,191718.0,192941.0,12459.0,181638.234375
2016-01-29,198244.0,193349.0,194573.0,194573.0,26501.0,183174.609375
2016-02-01,200284.0,194981.0,198652.0,199060.0,22612.0,187398.765625
2016-02-02,199060.0,192533.0,198244.0,194573.0,20714.0,183174.609375
2016-02-03,194573.0,187639.0,192126.0,189678.0,28197.0,178566.375
2016-02-04,192126.0,188046.0,189270.0,189678.0,15738.0,178566.375
2016-02-05,193349.0,186415.0,190494.0,186823.0,15283.0,175878.640625
2016-02-11,180296.0,173362.0,179072.0,175809.0,26791.0,165509.84375
2016-02-12,172138.0,158269.0,172138.0,169690.0,62378.0,159749.3125
2016-02-15,183559.0,166427.0,169690.0,182336.0,40931.0,171654.484375
2016-02-16,183559.0,179480.0,181112.0,179480.0,10910.0,168965.796875
2016-02-17,179888.0,167651.0,178664.0,168467.0,20974.0,158597.953125
2016-02-18,178257.0,169690.0,170914.0,176217.0,53578.0,165893.9375
2016-02-19,183967.0,174993.0,176625.0,180296.0,26601.0,169733.984375
2016-02-22,189270.0,180704.0,181112.0,187639.0,20714.0,176646.828125
2016-02-23,190494.0,185599.0,190494.0,188454.0,20393.0,177414.078125
2016-02-24,189270.0,180704.0,186823.0,182744.0,9399.0,172038.578125
2016-02-25,184783.0,177849.0,184783.0,181928.0,23642.0,171270.390625
2016-02-26,186415.0,178257.0,181928.0,181520.0,24711.0,170886.28125
2016-02-29,192126.0,180704.0,182744.0,191310.0,32059.0,180102.765625
2016-03-02,194981.0,187231.0,194981.0,191718.0,32783.0,180486.875
2016-03-03,192533.0,188046.0,190086.0,191310.0,28202.0,180102.765625
2016-03-04,192126.0,188046.0,192126.0,189678.0,45015.0,178566.375
2016-03-07,190494.0,188454.0,190086.0,190086.0,24307.0,178950.484375
2016-03-08,192533.0,186415.0,190494.0,190902.0,27891.0,179718.671875
2016-03-09,193757.0,187639.0,190902.0,193349.0,22681.0,182022.328125
2016-03-10,198244.0,192941.0,192941.0,197020.0,20987.0,185478.265625
2016-03-11,193349.0,180704.0,193349.0,183152.0,110923.0,172422.6875
2016-03-14,179888.0,170506.0,179480.0,172138.0,97129.0,162053.90625
2016-03-15,173770.0,165203.0,173770.0,166835.0,84216.0,157061.5625
2016-03-16,169283.0,163980.0,167243.0,168059.0,59541.0,158213.859375
2016-03-17,168875.0,165203.0,167243.0,165203.0,49896.0,155525.15625
2016-03-18,166835.0,161532.0,164796.0,164388.0,36138.0,154757.90625
2016-03-21,165611.0,161532.0,164796.0,163164.0,34729.0,153605.609375
2016-03-22,163572.0,159085.0,162756.0,159085.0,52866.0,149765.5625
2016-03-23,167243.0,160309.0,160309.0,166835.0,64757.0,157061.5625
2016-03-24,166835.0,163572.0,166835.0,163572.0,28310.0,153989.71875
2016-03-25,165611.0,161532.0,163572.0,163572.0,30035.0,153989.71875
2016-03-28,164388.0,160309.0,163572.0,160716.0,23890.0,151301.015625
2016-03-29,166019.0,161532.0,161940.0,165203.0,39215.0,155525.15625
2016-03-30,165611.0,163572.0,165611.0,164796.0,20637.0,155142.015625
2016-03-31,166835.0,161124.0,165203.0,163572.0,26437.0,153989.71875
2016-04-01,165203.0,162348.0,163572.0,163980.0,16498.0,154373.796875
2016-04-04,165611.0,162756.0,165203.0,163572.0,12747.0,153989.71875
2016-04-05,162756.0,160716.0,162348.0,161940.0,23889.0,152453.3125
2016-04-06,163572.0,161124.0,162348.0,163572.0,25325.0,153989.71875
2016-04-07,164388.0,161940.0,162756.0,163164.0,27768.0,153605.609375
2016-04-08,163572.0,162348.0,163164.0,163164.0,12640.0,153605.609375
2016-04-11,165611.0,161124.0,163980.0,161532.0,18040.0,152069.203125
2016-04-12,162756.0,159901.0,161124.0,160716.0,13934.0,151301.015625
2016-04-14,162756.0,153374.0,160716.0,154190.0,48941.0,145157.3125
2016-04-15,154598.0,149703.0,154190.0,150111.0,94108.0,141317.28125
2016-04-18,158269.0,150111.0,150111.0,157861.0,43353.0,148613.265625
2016-04-19,162756.0,157045.0,159085.0,161124.0,45375.0,151685.125
2016-04-20,164796.0,161940.0,162348.0,163572.0,42571.0,153989.71875
2016-04-21,164796.0,161124.0,163980.0,163572.0,16391.0,153989.71875
2016-04-22,166019.0,162756.0,164388.0,163572.0,25884.0,153989.71875
2016-04-25,170914.0,163572.0,165611.0,170914.0,50624.0,160901.609375
2016-04-26,171730.0,166835.0,171730.0,168059.0,33972.0,158213.859375
2016-04-27,172954.0,168875.0,168875.0,172546.0,36039.0,162437.984375
2016-04-28,172546.0,168467.0,171322.0,170098.0,21869.0,160133.40625
2016-04-29,171322.0,165203.0,171322.0,170098.0,18836.0,160133.40625
2016-05-02,171730.0,167243.0,170098.0,170914.0,12204.0,160901.609375
2016-05-03,173770.0,168875.0,170914.0,173362.0,18858.0,163206.203125
2016-05-04,174178.0,168875.0,173362.0,173362.0,23190.0,163206.203125
2016-05-09,175401.0,171322.0,175401.0,175401.0,28494.0,165125.75
2016-05-10,175809.0,172138.0,173770.0,175401.0,31699.0,165125.75
2016-05-11,174585.0,171322.0,174585.0,172138.0,35226.0,162053.90625
2016-05-12,172138.0,165611.0,172138.0,166427.0,44989.0,156677.453125
2016-05-13,170914.0,165611.0,166427.0,166019.0,69736.0,156293.359375
2016-05-16,169283.0,163980.0,164796.0,166019.0,30377.0,156293.359375
2016-05-17,165611.0,145624.0,165611.0,146848.0,240228.0,138245.421875
2016-05-18,149295.0,141545.0,147255.0,142361.0,112861.0,134021.28125
2016-05-19,144808.0,141137.0,141137.0,141545.0,68185.0,133253.09375
2016-05-20,144808.0,139913.0,141545.0,139913.0,88127.0,131716.6875
2016-05-23,141953.0,139913.0,141137.0,140729.0,35888.0,132484.875
2016-05-24,142768.0,140321.0,140729.0,141545.0,30475.0,133253.09375
2016-05-25,145624.0,141545.0,143176.0,143992.0,34059.0,135556.734375
2016-05-26,146440.0,140729.0,146440.0,141545.0,33234.0,133253.09375
2016-05-27,145624.0,141137.0,141545.0,145216.0,22381.0,136709.03125
2016-05-30,146032.0,142361.0,145216.0,143992.0,15617.0,135556.734375
2016-05-31,146848.0,142768.0,143176.0,146032.0,28354.0,137477.234375
2016-06-01,147663.0,145216.0,146032.0,146440.0,15691.0,137861.328125
2016-06-02,148071.0,144808.0,148071.0,146032.0,17494.0,137477.234375
2016-06-03,146848.0,143992.0,146440.0,146440.0,13399.0,137861.328125
2016-06-07,147255.0,144400.0,146440.0,145624.0,26115.0,137093.125
2016-06-08,146440.0,143584.0,144400.0,143992.0,35668.0,135556.734375
2016-06-09,145216.0,137058.0,143992.0,137058.0,155968.0,129028.9296875
2016-06-10,141953.0,137466.0,139097.0,141545.0,69249.0,133253.09375
2016-06-13,141953.0,139913.0,141545.0,139913.0,27600.0,131716.6875
2016-06-14,142361.0,138689.0,138689.0,140729.0,25498.0,132484.875
2016-06-15,141953.0,136242.0,139913.0,137058.0,26036.0,129028.9296875
2016-06-16,137466.0,131347.0,136242.0,132163.0,77703.0,124420.6953125
2016-06-17,132571.0,123597.0,130531.0,126452.0,156399.0,119044.25
2016-06-20,128900.0,125228.0,127268.0,127676.0,36162.0,120196.546875
2016-06-21,128492.0,125636.0,126860.0,126044.0,32293.0,118660.1484375
2016-06-22,127268.0,124005.0,125228.0,124005.0,55844.0,116740.6015625
2016-06-23,125228.0,123189.0,124005.0,123597.0,26413.0,116356.5078125
2016-06-24,126044.0,113399.0,125228.0,114215.0,104532.0,107524.1171875
2016-06-27,115846.0,110136.0,110544.0,115438.0,73035.0,108675.46875
2016-06-28,116254.0,114215.0,114215.0,114623.0,29044.0,107908.2109375
2016-06-29,117886.0,115031.0,115438.0,116662.0,26169.0,109827.765625
2016-06-30,119925.0,117070.0,117070.0,118702.0,36855.0,111748.265625
2016-07-01,124820.0,119518.0,119518.0,121149.0,60968.0,114051.90625
2016-07-04,127268.0,121557.0,121557.0,126452.0,65418.0,119044.25
2016-07-05,128084.0,123597.0,127676.0,124412.0,36817.0,117123.7578125
2016-07-06,125636.0,122781.0,125636.0,123597.0,26670.0,116356.5078125
2016-07-07,125228.0,121149.0,125228.0,122781.0,18135.0,115588.3046875
2016-07-08,124412.0,116662.0,123189.0,117070.0,39188.0,110211.859375
2016-07-11,120741.0,115846.0,117886.0,119518.0,35535.0,112516.453125
2016-07-12,122781.0,118294.0,119518.0,120741.0,28126.0,113667.8125
2016-07-13,125228.0,120741.0,122373.0,124412.0,38421.0,117123.7578125
2016-07-14,126044.0,123189.0,124820.0,123189.0,29627.0,115972.40625
2016-07-15,125228.0,122781.0,123189.0,123597.0,28330.0,116356.5078125
2016-07-18,126044.0,121557.0,123597.0,122373.0,15065.0,115204.203125
2016-07-19,123189.0,120333.0,122373.0,121557.0,20442.0,114436.0078125
2016-07-20,123597.0,119925.0,121557.0,122373.0,23657.0,115204.203125
2016-07-21,122373.0,119925.0,121965.0,120741.0,42652.0,113667.8125
2016-07-22,120741.0,119110.0,119925.0,119925.0,29402.0,112899.609375
2016-07-25,121557.0,118294.0,118702.0,119110.0,21415.0,112132.359375
2016-07-26,121149.0,119110.0,119925.0,120333.0,14665.0,113283.7109375
2016-07-27,122373.0,120333.0,121149.0,121557.0,14933.0,114436.0078125
2016-07-28,121149.0,118294.0,120741.0,119518.0,18071.0,112516.453125
2016-07-29,121557.0,118702.0,120741.0,121557.0,22074.0,114436.0078125
2016-08-01,120333.0,114623.0,120333.0,115031.0,44840.0,108292.3125
2016-08-02,116662.0,112991.0,114215.0,116662.0,28181.0,109827.765625
2016-08-03,115846.0,112583.0,114623.0,113807.0,29071.0,107140.015625
2016-08-04,119110.0,112991.0,114215.0,117886.0,23756.0,110980.0625
2016-08-05,120741.0,115846.0,118702.0,116662.0,17905.0,109827.765625
2016-08-08,120333.0,116254.0,117478.0,119110.0,21273.0,112132.359375
2016-08-09,119518.0,116662.0,119110.0,119110.0,17683.0,112132.359375
2016-08-10,124412.0,118702.0,118702.0,124412.0,47248.0,117123.7578125
2016-08-11,125228.0,121965.0,123597.0,124412.0,26044.0,117123.7578125
2016-08-12,124412.0,123189.0,124412.0,124005.0,14062.0,116740.6015625
2016-08-16,125228.0,123189.0,124005.0,123189.0,9945.0,115972.40625
2016-08-17,124005.0,117886.0,123597.0,118702.0,31382.0,111748.265625
2016-08-18,123189.0,119110.0,119110.0,119925.0,27026.0,112899.609375
2016-08-19,121965.0,115031.0,121557.0,116254.0,33772.0,109443.6640625
2016-08-22,116254.0,112991.0,116254.0,113399.0,44043.0,106755.9140625
2016-08-23,115031.0,112175.0,113807.0,114623.0,30584.0,107908.2109375
2016-08-24,117070.0,114623.0,114623.0,116662.0,17098.0,109827.765625
2016-08-25,117478.0,114215.0,117478.0,114623.0,14002.0,107908.2109375
2016-08-26,117886.0,113399.0,114623.0,116662.0,19795.0,109827.765625
2016-08-29,117478.0,113807.0,116662.0,113807.0,15549.0,107140.015625
2016-08-30,115846.0,112583.0,114215.0,112991.0,27565.0,106371.8203125
2016-08-31,115846.0,112175.0,112991.0,114215.0,21358.0,107524.1171875
2016-09-01,115438.0,112991.0,115438.0,114215.0,9201.0,107524.1171875
2016-09-02,116254.0,113807.0,114215.0,116254.0,15980.0,109443.6640625
2016-09-05,117070.0,115031.0,116662.0,115846.0,7521.0,109059.5703125
2016-09-06,116662.0,115031.0,115846.0,115031.0,6805.0,108292.3125
2016-09-07,115846.0,113399.0,115031.0,113399.0,19339.0,106755.9140625
2016-09-08,114623.0,112583.0,114623.0,112991.0,21019.0,106371.8203125
2016-09-09,113399.0,111359.0,112583.0,111767.0,25409.0,105219.5234375
2016-09-12,111767.0,108504.0,111767.0,109320.0,24182.0,102915.875
2016-09-13,110951.0,108912.0,110951.0,109728.0,13076.0,103299.96875
2016-09-19,110544.0,107280.0,109320.0,110136.0,13599.0,103684.0625
2016-09-20,111767.0,108096.0,110136.0,111767.0,15679.0,105219.5234375
2016-09-21,112583.0,110544.0,111359.0,112175.0,7663.0,105603.6171875
2016-09-22,112991.0,111359.0,112991.0,112175.0,10877.0,105603.6171875
2016-09-23,113807.0,112175.0,113807.0,113399.0,10230.0,106755.9140625
2016-09-26,116662.0,112991.0,112991.0,116254.0,16935.0,109443.6640625
2016-09-27,116662.0,114215.0,116662.0,115031.0,13944.0,108292.3125
2016-09-28,115846.0,113399.0,115031.0,113807.0,11287.0,107140.015625
2016-09-29,119518.0,113807.0,114215.0,119110.0,30373.0,112132.359375
2016-09-30,119110.0,115031.0,118702.0,116254.0,19973.0,109443.6640625
2016-10-04,117478.0,114623.0,116254.0,115846.0,16482.0,109059.5703125
2016-10-05,116254.0,113807.0,116254.0,115846.0,18634.0,109059.5703125
2016-10-06,115846.0,113399.0,115846.0,113807.0,13358.0,107140.015625
2016-10-07,113807.0,112175.0,113399.0,112175.0,11775.0,105603.6171875
2016-10-10,117886.0,112175.0,112175.0,115438.0,14378.0,108675.46875
2016-10-11,117478.0,115031.0,116662.0,116254.0,11284.0,109443.6640625
2016-10-12,120333.0,116254.0,117478.0,119925.0,29659.0,112899.609375
2016-10-13,119925.0,117478.0,119110.0,117886.0,14486.0,110980.0625
2016-10-14,118702.0,117070.0,117886.0,117478.0,14768.0,110595.9609375
2016-10-17,119925.0,115846.0,118294.0,116254.0,10888.0,109443.6640625
2016-10-18,116662.0,115031.0,116254.0,115438.0,7467.0,108675.46875
2016-10-19,116254.0,114215.0,115438.0,115438.0,12628.0,108675.46875
2016-10-20,115846.0,113807.0,115438.0,114215.0,9333.0,107524.1171875
2016-10-21,115438.0,113807.0,115438.0,113807.0,7009.0,107140.015625
2016-10-24,115438.0,113399.0,115438.0,114215.0,8409.0,107524.1171875
2016-10-25,114215.0,110136.0,114215.0,110951.0,14513.0,104451.3203125
2016-10-26,110136.0,108096.0,110136.0,108504.0,18798.0,102147.671875
2016-10-27,110951.0,107688.0,107688.0,110544.0,9530.0,104068.171875
2016-10-28,110951.0,108096.0,110951.0,109320.0,8002.0,102915.875
2016-10-31,109728.0,107688.0,107688.0,107688.0,10420.0,101379.46875
2016-11-01,108096.0,106464.0,107280.0,107280.0,11235.0,100995.375
2016-11-02,106872.0,101162.0,105241.0,101977.0,21712.0,96003.0390625
2016-11-03,102793.0,100346.0,100346.0,101570.0,21722.0,95619.875
2016-11-04,102385.0,99937.8984375,101570.0,102385.0,11216.0,96387.1328125
2016-11-07,104017.0,101162.0,103609.0,104017.0,14938.0,97923.5234375
2016-11-08,104833.0,102385.0,104833.0,104017.0,13052.0,97923.5234375
2016-11-09,104425.0,97490.3984375,104425.0,101570.0,33081.0,95619.875
2016-11-10,106464.0,101977.0,102385.0,106464.0,28581.0,100227.1796875
2016-11-11,106872.0,104425.0,106057.0,105241.0,23238.0,99075.8203125
2016-11-14,108912.0,105241.0,106464.0,108096.0,24653.0,101763.578125
2016-11-15,113807.0,109320.0,109320.0,113807.0,41311.0,107140.015625
2016-11-16,115031.0,112175.0,112583.0,113807.0,25604.0,107140.015625
2016-11-17,117070.0,113399.0,113399.0,115438.0,29839.0,108675.46875
2016-11-18,117478.0,115438.0,116662.0,117478.0,24103.0,110595.9609375
2016-11-21,118294.0,113399.0,118294.0,115438.0,19600.0,108675.46875
2016-11-22,117478.0,112991.0,115438.0,113807.0,14621.0,107140.015625
2016-11-23,115031.0,110951.0,114215.0,112175.0,14518.0,105603.6171875
2016-11-24,113399.0,110544.0,112583.0,112175.0,11180.0,105603.6171875
2016-11-25,113399.0,109728.0,113399.0,111359.0,10284.0,104835.421875
2016-11-28,113399.0,110136.0,111767.0,110951.0,7265.0,104451.3203125
2016-11-29,112583.0,109728.0,110951.0,110951.0,9256.0,104451.3203125
2016-11-30,112175.0,109728.0,112175.0,109728.0,7138.0,103299.96875
2016-12-01,110544.0,106872.0,108912.0,106872.0,12856.0,100611.28125
2016-12-02,108912.0,105241.0,106872.0,108912.0,11422.0,102531.765625
2016-12-05,108504.0,105241.0,108504.0,105649.0,11977.0,99459.921875
2016-12-06,106872.0,104017.0,104017.0,104833.0,8676.0,98691.7265625
2016-12-07,106872.0,101977.0,105649.0,104425.0,9688.0,98307.6328125
2016-12-08,107280.0,102793.0,104425.0,107280.0,13580.0,100995.375
2016-12-09,107688.0,106057.0,106872.0,106464.0,7105.0,100227.1796875
2016-12-12,109728.0,106872.0,107280.0,107688.0,14883.0,101379.46875
2016-12-13,112991.0,107688.0,107688.0,112583.0,24242.0,105987.71875
2016-12-14,114623.0,111767.0,113399.0,111767.0,18393.0,105219.5234375
2016-12-15,111767.0,108912.0,111359.0,108912.0,12586.0,102531.765625
2016-12-16,110136.0,108096.0,109320.0,109728.0,7972.0,103299.96875
2016-12-19,110136.0,108504.0,109728.0,109320.0,6888.0,102915.875
2016-12-20,109728.0,107688.0,109728.0,107688.0,8535.0,101379.46875
2016-12-21,109320.0,106872.0,108504.0,109320.0,5216.0,102915.875
2016-12-22,109320.0,106872.0,108912.0,108096.0,6611.0,101763.578125
2016-12-23,110544.0,106872.0,108096.0,109320.0,7791.0,102915.875
2016-12-26,110136.0,106872.0,109320.0,107688.0,11582.0,101379.46875
2016-12-27,108096.0,106872.0,106872.0,106872.0,13682.0,100611.28125
2016-12-28,107280.0,105241.0,106057.0,106057.0,24374.0,102826.6796875
2016-12-29,107688.0,105241.0,106057.0,105241.0,8610.0,102035.53125
2017-01-02,106057.0,103609.0,104425.0,104833.0,10355.0,101639.9609375
2017-01-03,105241.0,103609.0,105241.0,104425.0,9118.0,101244.390625
2017-01-04,104833.0,103201.0,104833.0,104017.0,16027.0,100848.8125
2017-01-05,107688.0,103609.0,103609.0,107280.0,17169.0,104012.4296875
2017-01-06,109728.0,107280.0,107280.0,109320.0,18814.0,105990.296875
2017-01-09,109728.0,105649.0,108912.0,106464.0,13828.0,103221.28125
2017-01-10,106057.0,104017.0,105241.0,105649.0,15788.0,102431.109375
2017-01-11,105649.0,104017.0,104833.0,104833.0,11452.0,101639.9609375
2017-01-12,106464.0,104833.0,104833.0,106464.0,8436.0,103221.28125
2017-01-13,109728.0,106057.0,106057.0,108096.0,20986.0,104803.578125
2017-01-16,108912.0,105241.0,108096.0,106057.0,12770.0,102826.6796875
2017-01-17,107280.0,105649.0,105649.0,105649.0,5739.0,102431.109375
2017-01-18,106872.0,105241.0,105241.0,106464.0,5200.0,103221.28125
2017-01-19,111359.0,106057.0,107688.0,110136.0,30036.0,106781.4375
2017-01-20,110951.0,106464.0,110136.0,107280.0,16572.0,104012.4296875
2017-01-23,107688.0,106057.0,106057.0,106464.0,7427.0,103221.28125
2017-01-24,106872.0,104833.0,106464.0,104833.0,10176.0,101639.9609375
2017-01-25,106464.0,103609.0,105649.0,104425.0,16005.0,101244.390625
2017-01-26,105649.0,103609.0,105241.0,104833.0,11015.0,101639.9609375
2017-01-31,105241.0,103609.0,104833.0,105241.0,9496.0,102035.53125
2017-02-01,108912.0,105241.0,105241.0,106057.0,19129.0,102826.6796875
2017-02-02,106872.0,103609.0,105241.0,103609.0,16463.0,100453.2421875
2017-02-03,105241.0,104017.0,105241.0,104017.0,9223.0,100848.8125
2017-02-06,105649.0,103609.0,104425.0,104425.0,8926.0,101244.390625
2017-02-07,108504.0,104017.0,104425.0,107688.0,21696.0,104408.0
2017-02-08,109320.0,106872.0,107280.0,108504.0,20077.0,105199.1484375
2017-02-09,109320.0,108096.0,108504.0,108912.0,11668.0,105594.71875
2017-02-10,111767.0,109320.0,109728.0,110544.0,23218.0,107177.015625
2017-02-13,111767.0,109320.0,111767.0,109728.0,10326.0,106385.8671875
2017-02-14,113807.0,109728.0,110544.0,112583.0,17772.0,109153.90625
2017-02-15,117070.0,112991.0,112991.0,114623.0,40443.0,111131.7734375
2017-02-16,115846.0,112991.0,114623.0,113807.0,17169.0,110340.625
2017-02-17,114623.0,111359.0,113807.0,112991.0,9876.0,109549.484375
2017-02-20,113807.0,110951.0,111359.0,112175.0,7949.0,108758.3359375
2017-02-21,117070.0,112583.0,112583.0,116662.0,28762.0,113108.671875
2017-02-22,117070.0,115438.0,116254.0,115846.0,9087.0,112317.5234375
2017-02-23,117478.0,113399.0,117478.0,115438.0,11791.0,111921.953125
2017-02-24,116254.0,114215.0,116254.0,115031.0,7987.0,111527.3515625
2017-02-27,116662.0,113807.0,115031.0,114623.0,4899.0,111131.7734375
2017-02-28,115846.0,111359.0,114215.0,115031.0,16304.0,111527.3515625
2017-03-02,116662.0,112583.0,116662.0,114623.0,20862.0,111131.7734375
2017-03-03,115031.0,110951.0,112583.0,112583.0,25351.0,109153.90625
2017-03-06,112175.0,106464.0,112175.0,107280.0,28651.0,104012.4296875
2017-03-07,110136.0,105649.0,107688.0,106464.0,20563.0,103221.28125
2017-03-08,106464.0,105241.0,106464.0,105241.0,17316.0,102035.53125
2017-03-09,107280.0,104425.0,104425.0,106057.0,20484.0,102826.6796875
2017-03-10,107280.0,104833.0,106057.0,106872.0,19606.0,103616.859375
2017-03-13,107688.0,105649.0,106872.0,106057.0,17907.0,102826.6796875
2017-03-14,106057.0,103201.0,105241.0,103609.0,38073.0,100453.2421875
2017-03-15,107280.0,103201.0,103609.0,104017.0,65734.0,100848.8125
2017-03-16,105649.0,103201.0,105241.0,103609.0,25447.0,100453.2421875
2017-03-17,104833.0,103201.0,104017.0,103609.0,30937.0,100453.2421875
2017-03-20,104425.0,102793.0,104425.0,103609.0,18040.0,100453.2421875
2017-03-21,104425.0,103201.0,104425.0,103609.0,11422.0,100453.2421875
2017-03-22,105649.0,103609.0,104017.0,105649.0,18863.0,102431.109375
2017-03-23,106057.0,104425.0,105649.0,105649.0,13954.0,102431.109375
2017-03-24,108096.0,105241.0,105649.0,107688.0,19021.0,104408.0
2017-03-27,110951.0,107280.0,108912.0,109320.0,24239.0,105990.296875
2017-03-28,111767.0,107280.0,108504.0,108504.0,19188.0,105199.1484375
2017-03-29,108504.0,105649.0,108504.0,105649.0,10707.0,102431.109375
2017-03-30,106464.0,104017.0,106057.0,106057.0,23619.0,102826.6796875
2017-03-31,108096.0,105649.0,106057.0,108096.0,12399.0,104803.578125
2017-04-03,110136.0,106872.0,108096.0,108912.0,19396.0,105594.71875
2017-04-04,109728.0,107688.0,108912.0,109728.0,11499.0,106385.8671875
2017-04-05,109728.0,106872.0,109728.0,106872.0,14734.0,103616.859375
2017-04-06,108096.0,106464.0,106872.0,107688.0,7616.0,104408.0
2017-04-07,110544.0,107688.0,108096.0,110544.0,16711.0,107177.015625
2017-04-10,110544.0,106872.0,110544.0,107280.0,15586.0,104012.4296875
2017-04-11,108504.0,105241.0,107688.0,106057.0,14232.0,102826.6796875
2017-04-12,106872.0,105241.0,106057.0,105649.0,11141.0,102431.109375
2017-04-13,107280.0,105241.0,106464.0,106057.0,10712.0,102826.6796875
2017-04-14,107688.0,105649.0,106872.0,106464.0,6651.0,103221.28125
2017-04-17,109320.0,106464.0,106464.0,108096.0,17456.0,104803.578125
2017-04-18,108912.0,106464.0,108912.0,106464.0,16353.0,103221.28125
2017-04-19,108096.0,105649.0,106464.0,106464.0,12400.0,103221.28125
2017-04-20,109728.0,106057.0,106057.0,109728.0,40582.0,106385.8671875
2017-04-21,112991.0,109728.0,110544.0,111359.0,30333.0,107967.1875
2017-04-24,111767.0,108096.0,111359.0,108912.0,16909.0,105594.71875
2017-04-25,109320.0,108096.0,108912.0,108504.0,8172.0,105199.1484375
2017-04-26,109728.0,107688.0,108912.0,107688.0,9538.0,104408.0
2017-04-27,108504.0,106872.0,107688.0,107688.0,13843.0,104408.0
2017-04-28,107688.0,105241.0,106872.0,106464.0,21777.0,103221.28125
2017-05-02,107280.0,105649.0,106464.0,106464.0,11173.0,103221.28125
2017-05-04,109320.0,105649.0,105649.0,108912.0,13661.0,105594.71875
2017-05-08,112583.0,108504.0,108912.0,112175.0,33050.0,108758.3359375
2017-05-10,117886.0,113399.0,113399.0,114623.0,72108.0,111131.7734375
2017-05-11,116254.0,112583.0,115846.0,115846.0,29478.0,112317.5234375
2017-05-12,115031.0,111767.0,114623.0,113399.0,21412.0,109945.0546875
2017-05-15,114623.0,112175.0,113399.0,113807.0,12882.0,110340.625
2017-05-16,117886.0,114623.0,114623.0,116662.0,52871.0,113108.671875
2017-05-17,121965.0,115438.0,116662.0,120741.0,67293.0,117063.4296875
2017-05-18,122373.0,118702.0,118702.0,121965.0,43290.0,118250.1484375
2017-05-19,128084.0,123189.0,123189.0,127676.0,80982.0,123787.203125
2017-05-22,127676.0,122781.0,127676.0,123597.0,52711.0,119832.4453125
2017-05-23,124820.0,121557.0,123597.0,124005.0,30025.0,120228.015625
2017-05-24,125636.0,123189.0,124412.0,125228.0,24519.0,121413.765625
2017-05-25,125636.0,123597.0,125228.0,125636.0,22186.0,121809.3359375
2017-05-26,127676.0,124005.0,125228.0,125636.0,29771.0,121809.3359375
2017-05-29,126860.0,121965.0,125636.0,122373.0,35572.0,118645.71875
2017-05-30,125636.0,121557.0,121557.0,124412.0,34900.0,120622.6171875
2017-05-31,124820.0,123189.0,123597.0,123189.0,33439.0,119436.8671875
2017-06-01,124820.0,122373.0,122781.0,124005.0,16544.0,120228.015625
2017-06-02,131347.0,123597.0,123597.0,130123.0,78378.0,126159.671875
2017-06-05,130531.0,128084.0,129307.0,128084.0,27534.0,124182.7734375
2017-06-07,133794.0,127676.0,127676.0,132163.0,80013.0,128137.5390625
2017-06-08,138689.0,132979.0,133794.0,138281.0,82535.0,134069.1875
2017-06-09,139505.0,135018.0,138689.0,135426.0,41274.0,131301.15625
2017-06-12,135426.0,131347.0,135426.0,132571.0,33092.0,128533.109375
2017-06-13,135426.0,132163.0,132163.0,134202.0,21451.0,130114.4296875
2017-06-14,132979.0,129715.0,132571.0,130123.0,28483.0,126159.671875
2017-06-15,132571.0,127268.0,129715.0,128084.0,28723.0,124182.7734375
2017-06-16,128900.0,124412.0,128084.0,126044.0,29218.0,122204.90625
2017-06-19,126452.0,123189.0,126452.0,124005.0,18867.0,120228.015625
2017-06-20,123597.0,121149.0,123189.0,122373.0,22001.0,118645.71875
2017-06-21,123597.0,121557.0,121557.0,123189.0,13404.0,119436.8671875
2017-06-22,122781.0,118294.0,122373.0,121149.0,29614.0,117459.0
2017-06-23,123597.0,120333.0,121557.0,120741.0,12852.0,117063.4296875
2017-06-26,121557.0,117478.0,121149.0,119518.0,16472.0,115877.6796875
2017-06-27,122373.0,119110.0,119518.0,120333.0,13236.0,116667.859375
2017-06-28,121557.0,117886.0,121557.0,118702.0,11624.0,115086.5390625
2017-06-29,119925.0,115846.0,119925.0,116662.0,26859.0,113108.671875
2017-06-30,118702.0,116254.0,116254.0,118294.0,14322.0,114690.9609375
2017-07-03,120741.0,118294.0,118702.0,119925.0,16879.0,116272.28125
2017-07-04,121149.0,117478.0,120741.0,117886.0,12573.0,114295.390625
2017-07-05,121149.0,117070.0,117478.0,119925.0,15952.0,116272.28125
2017-07-06,120741.0,118702.0,119925.0,118702.0,7549.0,115086.5390625
2017-07-07,119518.0,118294.0,118702.0,118702.0,10608.0,115086.5390625
2017-07-10,118702.0,116662.0,118702.0,117070.0,8409.0,113504.2421875
2017-07-11,121557.0,117070.0,118702.0,119110.0,20796.0,115482.109375
2017-07-12,122373.0,119110.0,120333.0,119110.0,29459.0,115482.109375
2017-07-13,122373.0,119518.0,120741.0,120741.0,15350.0,117063.4296875
2017-07-14,130123.0,120333.0,128900.0,120741.0,78077.0,117063.4296875
2017-07-17,124005.0,119925.0,121149.0,121149.0,13792.0,117459.0
2017-07-18,121965.0,118702.0,121557.0,119925.0,15512.0,116272.28125
2017-07-19,120333.0,118294.0,119518.0,119518.0,16873.0,115877.6796875
2017-07-20,119925.0,116662.0,118702.0,117478.0,19694.0,113899.8125
2017-07-21,117070.0,114623.0,116254.0,117070.0,24114.0,113504.2421875
2017-07-24,118702.0,116254.0,117070.0,118702.0,16010.0,115086.5390625
2017-07-25,120333.0,118702.0,119518.0,120333.0,12006.0,116667.859375
2017-07-26,121149.0,117886.0,121149.0,119925.0,16900.0,116272.28125
2017-07-27,121149.0,118294.0,118294.0,119925.0,14120.0,116272.28125
2017-07-28,121149.0,118702.0,119110.0,119110.0,14200.0,115482.109375
2017-07-31,120333.0,114215.0,118294.0,114623.0,22278.0,111131.7734375
2017-08-01,118702.0,114623.0,115031.0,117886.0,18520.0,114295.390625
2017-08-02,117478.0,115846.0,117478.0,116662.0,10401.0,113108.671875
2017-08-03,116254.0,113807.0,115438.0,114215.0,18841.0,110736.203125
2017-08-04,118294.0,113807.0,113807.0,117478.0,14242.0,113899.8125
2017-08-07,117478.0,114215.0,117478.0,114215.0,16560.0,110736.203125
2017-08-08,114215.0,112175.0,114215.0,113399.0,13713.0,109945.0546875
2017-08-09,114215.0,112175.0,112991.0,112991.0,8206.0,109549.484375
2017-08-10,114623.0,112175.0,112991.0,112991.0,7737.0,109549.484375
2017-08-11,112583.0,110951.0,110951.0,112175.0,7739.0,108758.3359375
2017-08-14,114215.0,109728.0,112175.0,110136.0,13091.0,106781.4375
2017-08-16,108912.0,101162.0,107280.0,107280.0,72092.0,104012.4296875
2017-08-17,106464.0,103201.0,106464.0,104017.0,23367.0,100848.8125
2017-08-18,104425.0,102793.0,103201.0,103609.0,18497.0,100453.2421875
2017-08-21,104425.0,103201.0,104017.0,103609.0,14792.0,100453.2421875
2017-08-22,104833.0,103201.0,103609.0,104425.0,34917.0,101244.390625
2017-08-23,107280.0,104425.0,104425.0,106057.0,12479.0,102826.6796875
2017-08-24,107688.0,105241.0,105241.0,107280.0,16116.0,104012.4296875
2017-08-25,106872.0,105649.0,106464.0,106872.0,16033.0,103616.859375
2017-08-28,108912.0,105649.0,106057.0,108504.0,8659.0,105199.1484375
2017-08-29,108504.0,106057.0,108504.0,108096.0,9224.0,104803.578125
2017-08-30,109728.0,107280.0,108912.0,109320.0,11560.0,105990.296875
2017-08-31,110544.0,108912.0,109320.0,109320.0,8850.0,105990.296875
2017-09-01,110544.0,108096.0,110544.0,108096.0,12810.0,104803.578125
2017-09-04,108096.0,104425.0,106057.0,104425.0,15890.0,101244.390625
2017-09-05,106464.0,104833.0,105241.0,106057.0,10218.0,102826.6796875
2017-09-06,106057.0,103609.0,106057.0,104017.0,22623.0,100848.8125
2017-09-07,105241.0,103609.0,104425.0,104425.0,20334.0,101244.390625
2017-09-08,106464.0,103609.0,103609.0,106057.0,25509.0,102826.6796875
2017-09-11,105649.0,102385.0,104425.0,102793.0,29714.0,99662.09375
2017-09-12,103609.0,101162.0,103201.0,101977.0,23943.0,98870.953125
2017-09-13,101977.0,99530.0,101977.0,99937.8984375,23401.0,96893.953125
2017-09-14,101570.0,98714.203125,99530.0,98714.203125,25075.0,95707.53125
2017-09-15,101570.0,98714.203125,98714.203125,99937.8984375,18125.0,96893.953125
2017-09-18,102385.0,98714.203125,100346.0,99530.0,21684.0,96498.484375
2017-09-19,99937.8984375,98306.296875,99937.8984375,98306.296875,17155.0,95312.0546875
2017-09-20,99937.8984375,98714.203125,99530.0,99937.8984375,14198.0,96893.953125
2017-09-21,99937.8984375,98306.296875,99122.1015625,99122.1015625,30653.0,96103.0078125
2017-09-25,100346.0,98714.203125,100346.0,99530.0,21934.0,96498.484375
2017-09-26,99530.0,99530.0,99530.0,99530.0,0.0,96498.484375
2017-09-27,101162.0,99122.1015625,99122.1015625,100346.0,24201.0,97289.625
2017-09-28,101162.0,100346.0,100346.0,100754.0,10261.0,97685.203125
2017-09-29,106057.0,100754.0,101162.0,104425.0,39809.0,101244.390625
2017-10-10,105241.0,103201.0,103609.0,104833.0,24866.0,101639.9609375
2017-10-11,105649.0,103609.0,104017.0,105241.0,23329.0,102035.53125
2017-10-12,105649.0,104017.0,104833.0,105241.0,19027.0,102035.53125
2017-10-13,105649.0,102793.0,105241.0,104833.0,26577.0,101639.9609375
2017-10-16,108912.0,103201.0,104833.0,107688.0,26213.0,104408.0
2017-10-17,107280.0,105649.0,107280.0,106464.0,10963.0,103221.28125
2017-10-18,109320.0,106057.0,107280.0,108504.0,16896.0,105199.1484375
2017-10-19,109728.0,105649.0,108504.0,106464.0,15685.0,103221.28125
2017-10-20,109320.0,104833.0,106464.0,109320.0,30965.0,105990.296875
2017-10-23,108912.0,107280.0,108504.0,107280.0,37358.0,104012.4296875
2017-10-24,109728.0,106464.0,106464.0,109728.0,13081.0,106385.8671875
2017-10-25,109728.0,107280.0,109728.0,107688.0,20900.0,104408.0
2017-10-26,114623.0,107688.0,107688.0,112583.0,45547.0,109153.90625
2017-10-27,130939.0,115846.0,116254.0,122373.0,188862.0,118645.71875
2017-10-30,126044.0,120741.0,124412.0,122373.0,67238.0,118645.71875
2017-10-31,125636.0,121965.0,122373.0,122781.0,48963.0,119041.296875
2017-11-01,123597.0,121557.0,122373.0,123597.0,34663.0,119832.4453125
2017-11-02,124005.0,121557.0,123597.0,121965.0,21083.0,118250.1484375
2017-11-03,123597.0,121557.0,122781.0,123189.0,19226.0,119436.8671875
2017-11-06,126044.0,121557.0,123189.0,125228.0,23479.0,121413.765625
2017-11-07,126452.0,122781.0,126044.0,124820.0,17077.0,121018.1875
2017-11-08,124412.0,121557.0,123597.0,122373.0,21451.0,118645.71875
2017-11-09,125636.0,122373.0,124005.0,122781.0,18440.0,119041.296875
2017-11-10,126044.0,122373.0,122373.0,125636.0,23043.0,121809.3359375
2017-11-13,128492.0,124412.0,126452.0,128084.0,24372.0,124182.7734375
2017-11-14,128900.0,125228.0,128084.0,128492.0,21168.0,124578.3515625
2017-11-15,139913.0,129715.0,130123.0,137874.0,136066.0,133674.59375
2017-11-16,141137.0,137466.0,137874.0,140729.0,58107.0,136442.625
2017-11-17,140729.0,134610.0,140729.0,134610.0,32464.0,130510.0078125
2017-11-20,139505.0,134202.0,134610.0,139097.0,34767.0,134860.34375
2017-11-21,141137.0,134610.0,141137.0,135018.0,23250.0,130905.578125
2017-11-22,137874.0,130531.0,135018.0,136650.0,46576.0,132487.875
2017-11-23,137466.0,132571.0,137466.0,135426.0,24456.0,131301.15625
2017-11-24,135426.0,130531.0,135426.0,134610.0,60204.0,130510.0078125
2017-11-27,138689.0,134610.0,134610.0,137466.0,35135.0,133279.015625
2017-11-28,141545.0,131755.0,137466.0,134610.0,95568.0,130510.0078125
2017-11-29,134610.0,134610.0,134610.0,134610.0,0.0,130510.0078125
2017-11-30,134610.0,134610.0,134610.0,134610.0,0.0,130510.0078125
2017-12-01,134610.0,134610.0,134610.0,134610.0,0.0,130510.0078125
2017-12-04,134610.0,134610.0,134610.0,134610.0,0.0,130510.0078125
2017-12-05,134610.0,134610.0,134610.0,134610.0,0.0,130510.0078125
2017-12-06,134610.0,134610.0,134610.0,134610.0,0.0,130510.0078125
2017-12-07,134610.0,134610.0,134610.0,134610.0,0.0,130510.0078125
2017-12-08,134610.0,134610.0,134610.0,134610.0,0.0,130510.0078125
2017-12-11,134610.0,134610.0,134610.0,134610.0,0.0,130510.0078125
2017-12-12,134610.0,134610.0,134610.0,134610.0,0.0,130510.0078125
2017-12-13,134610.0,134610.0,134610.0,134610.0,0.0,130510.0078125
2017-12-14,134610.0,134610.0,134610.0,134610.0,0.0,130510.0078125
2017-12-15,134610.0,134610.0,134610.0,134610.0,0.0,130510.0078125
2017-12-18,134610.0,134610.0,134610.0,134610.0,0.0,130510.0078125
2017-12-19,134610.0,134610.0,134610.0,134610.0,0.0,130510.0078125
2017-12-21,134610.0,134610.0,134610.0,134610.0,0.0,130510.0078125
2017-12-22,134610.0,134610.0,134610.0,134610.0,0.0,130510.0078125
2017-12-26,134610.0,134610.0,134610.0,134610.0,0.0,130510.0078125
2017-12-27,134610.0,134610.0,134610.0,134610.0,0.0,134610.0
2017-12-28,134610.0,134610.0,134610.0,134610.0,0.0,134610.0
2018-01-02,134610.0,134610.0,134610.0,134610.0,0.0,134610.0
2018-01-03,134610.0,134610.0,134610.0,134610.0,0.0,134610.0
2018-01-04,134610.0,134610.0,134610.0,134610.0,0.0,134610.0
2018-01-05,134610.0,134610.0,134610.0,134610.0,0.0,134610.0
2018-01-08,134610.0,134610.0,134610.0,134610.0,0.0,134610.0
2018-01-09,134610.0,134610.0,134610.0,134610.0,0.0,134610.0
2018-01-10,134610.0,134610.0,134610.0,134610.0,0.0,134610.0
2018-01-11,132000.0,97300.0,127500.0,104500.0,171740.0,104500.0
2018-01-12,105000.0,95700.0,103000.0,99200.0,93426.0,99200.0
2018-01-15,103000.0,99200.0,100000.0,101000.0,43098.0,101000.0
2018-01-16,101500.0,98000.0,100000.0,98200.0,40983.0,98200.0
2018-01-17,98600.0,95400.0,98400.0,95500.0,47208.0,95500.0
2018-01-18,96500.0,94500.0,96500.0,94900.0,26556.0,94900.0
2018-01-19,97200.0,94300.0,94800.0,95800.0,37066.0,95800.0
2018-01-22,100500.0,95000.0,95500.0,97700.0,50368.0,97700.0
2018-01-23,99800.0,97900.0,99000.0,99700.0,20261.0,99700.0
2018-01-24,101500.0,99500.0,99700.0,99900.0,15345.0,99900.0
2018-01-25,99900.0,96900.0,99700.0,97500.0,27982.0,97500.0
2018-01-26,98400.0,97000.0,97500.0,97400.0,12466.0,97400.0
2018-01-29,98900.0,97600.0,97700.0,98300.0,13114.0,98300.0
2018-01-30,98900.0,96200.0,98300.0,96200.0,23539.0,96200.0
2018-01-31,98400.0,95200.0,96200.0,98400.0,14640.0,98400.0
2018-02-01,98500.0,96300.0,97900.0,97200.0,18337.0,97200.0
2018-02-02,97800.0,96800.0,97000.0,97100.0,10322.0,97100.0
2018-02-05,99200.0,95900.0,96800.0,96300.0,13959.0,96300.0
2018-02-06,96000.0,94000.0,94300.0,95500.0,18230.0,95500.0
2018-02-07,96500.0,95400.0,95600.0,95500.0,10617.0,95500.0
2018-02-08,96300.0,94900.0,94900.0,95000.0,64211.0,95000.0
2018-02-09,98100.0,94200.0,94300.0,98100.0,48618.0,98100.0
2018-02-12,98900.0,95000.0,98900.0,95400.0,16055.0,95400.0
2018-02-13,97000.0,93600.0,95500.0,93600.0,13877.0,93600.0
2018-02-14,94200.0,92500.0,94200.0,92500.0,8176.0,92500.0
2018-02-19,94000.0,92400.0,92500.0,93700.0,26374.0,93700.0
2018-02-20,95200.0,92900.0,93600.0,95000.0,5872.0,95000.0
2018-02-21,95300.0,93500.0,95000.0,95100.0,4710.0,95100.0
2018-02-22,95200.0,94000.0,95100.0,94100.0,3855.0,94100.0
2018-02-23,95800.0,94400.0,95100.0,95100.0,9897.0,95100.0
2018-02-26,97300.0,95100.0,95100.0,97200.0,8541.0,97200.0
2018-02-27,97600.0,96600.0,97500.0,97000.0,4813.0,97000.0
2018-02-28,98100.0,96600.0,96800.0,97900.0,16047.0,97900.0
2018-03-02,97800.0,95400.0,97100.0,96200.0,10100.0,96200.0
2018-03-05,96800.0,93600.0,96500.0,93900.0,18971.0,93900.0
2018-03-06,95200.0,93800.0,94400.0,94900.0,15010.0,94900.0
2018-03-07,95500.0,94100.0,94300.0,94400.0,10113.0,94400.0
2018-03-08,95200.0,94000.0,94100.0,94700.0,9434.0,94700.0
2018-03-09,98800.0,94800.0,94800.0,95000.0,28234.0,95000.0
2018-03-12,98200.0,95700.0,96000.0,96000.0,22881.0,96000.0
2018-03-13,98800.0,96000.0,96000.0,98000.0,11578.0,98000.0
2018-03-14,98900.0,97400.0,97500.0,98400.0,9863.0,98400.0
2018-03-15,99000.0,96800.0,98400.0,98200.0,7279.0,98200.0
2018-03-16,99000.0,98000.0,98200.0,98200.0,11541.0,98200.0
2018-03-19,98800.0,96500.0,98800.0,98000.0,11019.0,98000.0
2018-03-20,97900.0,96500.0,97400.0,96700.0,37770.0,96700.0
2018-03-21,98300.0,95800.0,96500.0,95800.0,7261.0,95800.0
2018-03-22,96000.0,94400.0,96000.0,94500.0,8220.0,94500.0
2018-03-23,94000.0,92000.0,93900.0,92000.0,8849.0,92000.0
2018-03-26,91500.0,88000.0,90300.0,89300.0,12291.0,89300.0
2018-03-27,90500.0,87900.0,89300.0,88000.0,10072.0,88000.0
2018-03-28,88700.0,86100.0,88700.0,86500.0,6815.0,86500.0
2018-03-29,87100.0,85800.0,86200.0,86100.0,8982.0,86100.0
2018-03-30,87900.0,86100.0,86500.0,86400.0,10528.0,86400.0
2018-04-02,94500.0,86800.0,86800.0,93800.0,27638.0,93800.0
2018-04-03,95900.0,92500.0,94100.0,94700.0,12556.0,94700.0
2018-04-04,96500.0,94200.0,94700.0,94900.0,23112.0,94900.0
2018-04-05,101500.0,94700.0,94700.0,95900.0,63701.0,95900.0
2018-04-06,100500.0,95100.0,95900.0,98500.0,25078.0,98500.0
2018-04-09,102000.0,98000.0,98500.0,100000.0,14772.0,100000.0
2018-04-10,104000.0,99100.0,100000.0,103500.0,25288.0,103500.0
2018-04-11,105000.0,101500.0,101500.0,104500.0,14751.0,104500.0
2018-04-12,105500.0,102500.0,105000.0,105000.0,12596.0,105000.0
2018-04-13,106000.0,102500.0,104000.0,106000.0,11365.0,106000.0
2018-04-16,107000.0,103500.0,107000.0,106000.0,8043.0,106000.0
2018-04-17,108500.0,105000.0,105000.0,108500.0,10435.0,108500.0
2018-04-18,117500.0,107500.0,109500.0,116500.0,28051.0,116500.0
2018-04-19,130500.0,116000.0,116500.0,121500.0,51467.0,121500.0
2018-04-20,124500.0,115000.0,123500.0,115500.0,30405.0,115500.0
2018-04-23,115500.0,110500.0,114000.0,113000.0,22091.0,113000.0
2018-04-24,122500.0,112000.0,112000.0,117000.0,16761.0,117000.0
2018-04-25,123500.0,116000.0,117000.0,121500.0,16250.0,121500.0
2018-04-26,123000.0,118500.0,122000.0,120500.0,7635.0,120500.0
2018-04-27,125000.0,119500.0,120500.0,122500.0,13197.0,122500.0
2018-04-30,124500.0,118500.0,122500.0,119000.0,13450.0,119000.0
2018-05-02,121000.0,118000.0,118000.0,121000.0,17501.0,121000.0
2018-05-03,123500.0,119000.0,121000.0,120500.0,6339.0,120500.0
2018-05-04,130000.0,117000.0,119500.0,126500.0,29813.0,126500.0
2018-05-08,128500.0,125000.0,127000.0,126500.0,22318.0,126500.0
2018-05-09,127000.0,125500.0,126000.0,127000.0,20722.0,127000.0
2018-05-10,129500.0,125500.0,127000.0,127000.0,7122.0,127000.0
2018-05-11,129500.0,126000.0,126000.0,128500.0,10359.0,128500.0
2018-05-14,130500.0,126500.0,129000.0,129000.0,6820.0,129000.0
2018-05-15,129000.0,127000.0,129000.0,127500.0,3966.0,127500.0
2018-05-16,141000.0,125000.0,127000.0,138000.0,36640.0,138000.0
2018-05-17,149500.0,136000.0,137000.0,149000.0,25542.0,149000.0
2018-05-18,155500.0,148000.0,149000.0,153000.0,16116.0,153000.0
2018-05-21,157000.0,151500.0,153500.0,155500.0,31751.0,155500.0
2018-05-23,155000.0,150000.0,153000.0,153000.0,10181.0,153000.0
2018-05-24,158000.0,150000.0,151500.0,154500.0,11901.0,154500.0
2018-05-25,164000.0,146000.0,151500.0,160500.0,19018.0,160500.0
2018-05-28,167000.0,156000.0,161000.0,159500.0,12412.0,159500.0
2018-05-29,163000.0,157000.0,159500.0,160500.0,4347.0,160500.0
2018-05-30,167000.0,161500.0,165000.0,167000.0,10791.0,167000.0
2018-05-31,171000.0,163500.0,168000.0,164000.0,17910.0,164000.0
2018-06-01,165000.0,159000.0,164500.0,161500.0,10988.0,161500.0
2018-06-04,165000.0,156000.0,161500.0,160500.0,8770.0,160500.0
2018-06-05,163000.0,157000.0,159000.0,158500.0,7280.0,158500.0
2018-06-07,164000.0,157500.0,157500.0,163000.0,5909.0,163000.0
2018-06-08,168000.0,158500.0,163000.0,161000.0,24625.0,161000.0
2018-06-11,165500.0,158000.0,161000.0,159500.0,9472.0,159500.0
2018-06-12,162000.0,156500.0,158000.0,159000.0,6643.0,159000.0
2018-06-14,159000.0,151000.0,158000.0,151500.0,23932.0,151500.0
2018-06-15,160000.0,150000.0,150000.0,159000.0,8679.0,159000.0
2018-06-18,165500.0,154000.0,165500.0,158500.0,5730.0,158500.0
2018-06-19,163000.0,155500.0,156500.0,160500.0,6641.0,160500.0
2018-06-20,167000.0,156000.0,159000.0,163500.0,8806.0,163500.0
2018-06-21,173000.0,161500.0,161500.0,169000.0,16267.0,169000.0
2018-06-22,170500.0,164000.0,169000.0,166500.0,5382.0,166500.0
2018-06-25,168500.0,158500.0,168500.0,160500.0,7336.0,160500.0
2018-06-26,168500.0,159500.0,159500.0,167000.0,6076.0,167000.0
2018-06-27,172000.0,165000.0,166000.0,171000.0,8124.0,171000.0
2018-06-28,183000.0,171000.0,173000.0,180500.0,18351.0,180500.0
2018-06-29,186500.0,173500.0,181500.0,177500.0,14801.0,177500.0
2018-07-02,185000.0,170000.0,177500.0,182500.0,8271.0,182500.0
2018-07-03,189000.0,179500.0,181000.0,180000.0,4609.0,180000.0
2018-07-04,178000.0,169500.0,178000.0,173500.0,8625.0,173500.0
2018-07-05,177500.0,169500.0,173000.0,175000.0,6111.0,175000.0
2018-07-06,179000.0,174000.0,174000.0,178000.0,2265.0,178000.0
2018-07-09,180500.0,171500.0,177000.0,173000.0,7172.0,173000.0
2018-07-10,178500.0,169500.0,171500.0,170500.0,6315.0,170500.0
2018-07-11,173500.0,166500.0,169500.0,168000.0,5158.0,168000.0
2018-07-12,172000.0,165000.0,170500.0,167000.0,11417.0,167000.0
2018-07-13,185000.0,167000.0,167000.0,184000.0,16762.0,184000.0
2018-07-16,186000.0,176000.0,184000.0,176500.0,6710.0,176500.0
2018-07-17,176000.0,163500.0,176000.0,168000.0,13193.0,168000.0
2018-07-18,169500.0,162500.0,168000.0,166000.0,5960.0,166000.0
2018-07-19,170000.0,161500.0,165000.0,164000.0,7178.0,164000.0
2018-07-20,167500.0,160500.0,162500.0,165000.0,4066.0,165000.0
2018-07-23,168000.0,163500.0,166000.0,163500.0,3401.0,163500.0
2018-07-24,167000.0,160500.0,163500.0,165500.0,4068.0,165500.0
2018-07-25,166000.0,162000.0,165500.0,164500.0,2586.0,164500.0
2018-07-26,167000.0,160500.0,166000.0,160500.0,4268.0,160500.0
2018-07-27,163500.0,158000.0,161500.0,160500.0,5720.0,160500.0
2018-07-30,161000.0,153000.0,160000.0,155500.0,3425.0,155500.0
2018-07-31,160500.0,154000.0,155500.0,160500.0,3925.0,160500.0
2018-08-01,165000.0,157500.0,160500.0,160000.0,6254.0,160000.0
2018-08-02,162500.0,156000.0,159500.0,156000.0,4977.0,156000.0
2018-08-03,160000.0,154500.0,155000.0,158500.0,3460.0,158500.0
2018-08-06,163500.0,155000.0,158500.0,156500.0,5653.0,156500.0
2018-08-07,157000.0,149500.0,155500.0,152500.0,6865.0,152500.0
2018-08-08,154000.0,148000.0,151000.0,148000.0,8145.0,148000.0
2018-08-09,150000.0,144500.0,147000.0,150000.0,3668.0,150000.0
2018-08-10,154000.0,148000.0,149000.0,149500.0,6495.0,149500.0
2018-08-13,154000.0,148000.0,148500.0,149500.0,3365.0,149500.0
2018-08-14,156000.0,148500.0,149500.0,152000.0,6900.0,152000.0
2018-08-16,166000.0,152000.0,154500.0,161000.0,9905.0,161000.0
2018-08-17,177000.0,158000.0,160000.0,166500.0,11490.0,166500.0
2018-08-20,176000.0,169500.0,170500.0,174000.0,8094.0,174000.0
2018-08-21,177500.0,171000.0,173000.0,173000.0,29240.0,173000.0
2018-08-22,172500.0,164500.0,164500.0,167500.0,12152.0,167500.0
2018-08-23,175000.0,167000.0,169500.0,171000.0,8300.0,171000.0
2018-08-24,177000.0,166000.0,171000.0,172000.0,6326.0,172000.0
2018-08-27,177000.0,168500.0,168500.0,173000.0,7370.0,173000.0
2018-08-28,181500.0,171500.0,175000.0,171500.0,10542.0,171500.0
2018-08-29,177500.0,170500.0,173500.0,170500.0,6402.0,170500.0
2018-08-30,177500.0,170500.0,170500.0,172500.0,9158.0,172500.0
2018-08-31,176000.0,170500.0,173000.0,176000.0,6793.0,176000.0
2018-09-03,176000.0,168500.0,176000.0,174500.0,6010.0,174500.0
2018-09-04,175500.0,170000.0,175500.0,172000.0,4737.0,172000.0
2018-09-05,175500.0,170500.0,171000.0,171000.0,6097.0,171000.0
2018-09-06,176000.0,170000.0,172000.0,173000.0,5409.0,173000.0
2018-09-07,174000.0,166500.0,174000.0,167000.0,8000.0,167000.0
2018-09-10,170500.0,164500.0,165000.0,165000.0,4986.0,165000.0
2018-09-11,167000.0,162500.0,165000.0,163500.0,9539.0,163500.0
2018-09-12,167500.0,160500.0,163500.0,167500.0,6614.0,167500.0
2018-09-13,167500.0,163500.0,167500.0,165500.0,4755.0,165500.0
2018-09-14,166000.0,162500.0,164500.0,164000.0,5975.0,164000.0
2018-09-17,170000.0,160000.0,162500.0,169500.0,7451.0,169500.0
2018-09-18,177000.0,166000.0,167500.0,174000.0,8597.0,174000.0
2018-09-19,175500.0,170500.0,174000.0,172000.0,3062.0,172000.0
2018-09-20,170500.0,164500.0,170000.0,165000.0,4805.0,165000.0
2018-09-21,166500.0,162000.0,166500.0,165000.0,2834.0,165000.0
2018-09-27,165500.0,160000.0,163000.0,160000.0,3736.0,160000.0
2018-09-28,161500.0,158000.0,161500.0,161000.0,3060.0,161000.0
2018-10-01,163000.0,155000.0,159500.0,159000.0,2797.0,159000.0
2018-10-02,159500.0,156500.0,157500.0,158000.0,2193.0,158000.0
2018-10-04,162500.0,154500.0,159500.0,156500.0,6043.0,156500.0
2018-10-05,162000.0,154000.0,156500.0,157500.0,8493.0,157500.0
2018-10-08,159500.0,153500.0,158500.0,158500.0,2180.0,158500.0
2018-10-10,160000.0,154500.0,155000.0,155500.0,4423.0,155500.0
2018-10-11,159000.0,143500.0,155000.0,143500.0,8268.0,143500.0
2018-10-12,149000.0,142000.0,148000.0,145000.0,4700.0,145000.0
2018-10-15,146000.0,143000.0,143000.0,145500.0,6739.0,145500.0
2018-10-16,145000.0,137000.0,144000.0,137000.0,9275.0,137000.0
2018-10-17,141000.0,134000.0,138000.0,135500.0,5016.0,135500.0
2018-10-18,135500.0,130500.0,134000.0,130500.0,3429.0,130500.0
2018-10-19,130000.0,126000.0,130000.0,127000.0,9283.0,127000.0
2018-10-22,136500.0,123500.0,127500.0,135000.0,7905.0,135000.0
2018-10-23,135000.0,119000.0,135000.0,124500.0,28228.0,124500.0
2018-10-24,129500.0,124000.0,125500.0,128500.0,9797.0,128500.0
2018-10-25,133000.0,122500.0,126500.0,124500.0,5446.0,124500.0
2018-10-26,127000.0,120500.0,125000.0,124500.0,4022.0,124500.0
2018-10-29,128000.0,121000.0,128000.0,122500.0,3376.0,122500.0
2018-10-30,128500.0,122000.0,125000.0,124000.0,6015.0,124000.0
2018-10-31,127500.0,118000.0,123500.0,121500.0,8113.0,121500.0
2018-11-01,129000.0,119500.0,121500.0,121000.0,3961.0,121000.0
2018-11-02,129000.0,121500.0,121500.0,124000.0,5175.0,124000.0
2018-11-05,124500.0,118500.0,124000.0,120000.0,4934.0,120000.0
2018-11-06,130000.0,119000.0,122000.0,128500.0,8178.0,128500.0
2018-11-07,130000.0,119500.0,126500.0,120500.0,6634.0,120500.0
2018-11-08,152500.0,121500.0,121500.0,130000.0,33714.0,130000.0
2018-11-09,139500.0,128500.0,129500.0,131500.0,8857.0,131500.0
2018-11-12,136500.0,128500.0,131000.0,129500.0,4010.0,129500.0
2018-11-13,130000.0,125000.0,128000.0,126000.0,4954.0,126000.0
2018-11-14,127500.0,123000.0,126000.0,126000.0,2606.0,126000.0
2018-11-15,134000.0,125500.0,126000.0,130000.0,8635.0,130000.0
2018-11-16,144500.0,130000.0,130000.0,142500.0,10588.0,142500.0
2018-11-19,146000.0,137500.0,141000.0,140000.0,5086.0,140000.0
2018-11-20,146500.0,138500.0,138500.0,144500.0,7678.0,144500.0
2018-11-21,147000.0,141000.0,146500.0,145500.0,4475.0,145500.0
2018-11-22,147000.0,140500.0,143500.0,145500.0,4746.0,145500.0
2018-11-23,148500.0,144000.0,145500.0,146500.0,3159.0,146500.0
2018-11-26,149500.0,142000.0,149500.0,142500.0,2780.0,142500.0
2018-11-27,145000.0,137500.0,142000.0,138500.0,8717.0,138500.0
2018-11-28,142000.0,137500.0,140500.0,140000.0,3749.0,140000.0
2018-11-29,143500.0,138500.0,141000.0,138500.0,3463.0,138500.0
2018-11-30,143000.0,135500.0,138000.0,137000.0,6147.0,137000.0
2018-12-03,139500.0,131000.0,138000.0,133000.0,14806.0,133000.0
2018-12-04,134000.0,125500.0,134000.0,127000.0,14904.0,127000.0
2018-12-05,129000.0,124500.0,125000.0,126000.0,9799.0,126000.0
2018-12-06,128500.0,120000.0,127000.0,121000.0,9668.0,121000.0
2018-12-07,123000.0,117500.0,121500.0,120000.0,6746.0,120000.0
2018-12-10,119500.0,115500.0,118000.0,116000.0,10216.0,116000.0
2018-12-11,117000.0,114500.0,116000.0,116000.0,6114.0,116000.0
2018-12-12,126000.0,115000.0,116500.0,125000.0,14045.0,125000.0
2018-12-13,127500.0,121000.0,124000.0,122000.0,13497.0,122000.0
2018-12-14,128000.0,121000.0,122000.0,122500.0,7264.0,122500.0
2018-12-17,125000.0,121500.0,124000.0,123000.0,2678.0,123000.0
2018-12-18,125500.0,122000.0,124000.0,123000.0,3367.0,123000.0
2018-12-19,126500.0,122500.0,123000.0,125000.0,3919.0,125000.0
2018-12-20,126000.0,118000.0,126000.0,121500.0,6975.0,121500.0
2018-12-21,123500.0,120500.0,123000.0,122000.0,2236.0,122000.0
2018-12-24,125000.0,120000.0,122500.0,121500.0,3717.0,121500.0
2018-12-26,121000.0,116500.0,119500.0,120000.0,5354.0,120000.0
2018-12-27,125000.0,118000.0,120000.0,119500.0,5595.0,119500.0
2018-12-28,122000.0,116000.0,120000.0,118500.0,5452.0,118500.0
2019-01-02,121000.0,117000.0,119500.0,118000.0,4363.0,118000.0
2019-01-03,119500.0,114000.0,118000.0,116500.0,4570.0,116500.0
2019-01-04,124000.0,115000.0,115000.0,122000.0,9522.0,122000.0
2019-01-07,124000.0,120500.0,124000.0,123000.0,6213.0,123000.0
2019-01-08,124500.0,121500.0,123000.0,123000.0,5708.0,123000.0
2019-01-09,130000.0,121500.0,122500.0,129000.0,8207.0,129000.0
2019-01-10,130500.0,122000.0,128000.0,123500.0,5497.0,123500.0
2019-01-11,133000.0,123500.0,124000.0,130000.0,12272.0,130000.0
2019-01-14,134000.0,128500.0,131000.0,129000.0,4431.0,129000.0
2019-01-15,134000.0,128000.0,130000.0,128000.0,6922.0,128000.0
2019-01-16,130000.0,123000.0,129000.0,123500.0,5317.0,123500.0
2019-01-17,125500.0,121000.0,125000.0,122000.0,4592.0,122000.0
2019-01-18,124000.0,123000.0,123000.0,123000.0,1811.0,123000.0
2019-01-21,124500.0,122000.0,124500.0,124000.0,3254.0,124000.0
2019-01-22,125000.0,122000.0,123500.0,122500.0,2423.0,122500.0
2019-01-23,130000.0,122500.0,123500.0,129000.0,5141.0,129000.0
2019-01-24,129000.0,126000.0,127000.0,126500.0,2908.0,126500.0
2019-01-25,131000.0,124500.0,126500.0,129000.0,6022.0,129000.0
2019-01-28,132000.0,125000.0,132000.0,126500.0,5199.0,126500.0
2019-01-29,129500.0,125000.0,126000.0,127000.0,7020.0,127000.0
2019-01-30,129000.0,126500.0,127000.0,127000.0,4082.0,127000.0
2019-01-31,129500.0,123000.0,129500.0,125000.0,8117.0,125000.0
2019-02-01,127000.0,124000.0,125000.0,124500.0,6743.0,124500.0
2019-05-02,146000.0,143000.0,144000.0,145000.0,2898.0,145000.0
2019-05-03,144000.0,139000.0,144000.0,141500.0,7568.0,141500.0
2019-05-15,144500.0,136500.0,138500.0,144500.0,4997.0,144500.0
2019-05-17,148500.0,138500.0,147000.0,141000.0,13980.0,141000.0
2019-05-20,144500.0,139000.0,140000.0,140000.0,5387.0,140000.0
2019-05-21,141000.0,137000.0,138000.0,137500.0,3754.0,137500.0
2019-05-22,139500.0,136000.0,138000.0,138000.0,2439.0,138000.0
2019-05-23,140500.0,136000.0,139000.0,138000.0,2586.0,138000.0
2019-05-24,142000.0,138500.0,138500.0,142000.0,3283.0,142000.0
2019-05-27,143500.0,139500.0,141500.0,140000.0,1473.0,140000.0
2019-05-28,149000.0,139000.0,139000.0,149000.0,5112.0,149000.0
2019-05-29,148000.0,139000.0,145500.0,139500.0,7616.0,139500.0
2019-05-30,140500.0,134000.0,140000.0,136500.0,6454.0,136500.0
2019-05-31,137000.0,130500.0,136000.0,131500.0,12076.0,131500.0
2019-06-03,135000.0,128000.0,131000.0,134000.0,7281.0,134000.0
2019-06-04,137500.0,131500.0,134000.0,136000.0,3774.0,136000.0
2019-06-05,139500.0,135000.0,135500.0,138500.0,2134.0,138500.0
2019-06-07,140500.0,138500.0,139500.0,139000.0,1908.0,139000.0
2019-06-10,143000.0,139000.0,141000.0,142000.0,8009.0,142000.0
2019-06-11,144500.0,140000.0,141500.0,143500.0,4079.0,143500.0
2019-06-12,146500.0,143000.0,144500.0,145500.0,4925.0,145500.0
2019-06-13,170000.0,141500.0,145500.0,170000.0,9726.0,170000.0
2019-06-14,159000.0,150500.0,153500.0,153000.0,26548.0,153000.0
2019-06-17,154000.0,147500.0,153000.0,149000.0,6617.0,149000.0
2019-06-18,152500.0,146500.0,146500.0,147500.0,5996.0,147500.0
2019-06-19,149000.0,147000.0,147500.0,147000.0,1867.0,147000.0
2019-06-20,150000.0,147500.0,148500.0,149500.0,1932.0,149500.0
2019-06-21,151000.0,147000.0,149000.0,148000.0,3703.0,148000.0
2019-06-24,150500.0,147500.0,149500.0,149000.0,2016.0,149000.0
2019-06-25,149000.0,145500.0,147000.0,146000.0,2605.0,146000.0
2019-06-26,147000.0,141000.0,146000.0,141500.0,7543.0,141500.0
2019-06-27,144000.0,140500.0,141500.0,142500.0,2775.0,142500.0
2019-06-28,142500.0,137500.0,142000.0,138000.0,4084.0,138000.0
2019-07-01,141500.0,138000.0,139500.0,138000.0,2019.0,138000.0
2019-07-02,137500.0,135500.0,137500.0,135500.0,2801.0,135500.0
2019-07-03,137500.0,133000.0,137000.0,135000.0,3369.0,135000.0
2019-07-04,137000.0,133000.0,135500.0,136000.0,2377.0,136000.0
2019-07-05,139000.0,135500.0,137500.0,136500.0,2241.0,136500.0
2019-07-08,137000.0,131500.0,136000.0,132000.0,2484.0,132000.0
2019-07-09,133000.0,128000.0,131000.0,131000.0,7448.0,131000.0
2019-07-10,130000.0,126500.0,128500.0,128000.0,5816.0,128000.0
2019-07-11,131000.0,127000.0,128000.0,130500.0,2516.0,130500.0
2019-07-12,129500.0,127000.0,129500.0,127500.0,3182.0,127500.0
2019-07-15,128500.0,123000.0,128000.0,125500.0,3354.0,125500.0
2019-07-16,128000.0,125000.0,125500.0,125500.0,6169.0,125500.0
2019-07-17,127000.0,125500.0,125500.0,126000.0,2389.0,126000.0
2019-07-18,130000.0,125000.0,126000.0,130000.0,13939.0,130000.0
2019-07-19,131500.0,128500.0,131500.0,131000.0,2764.0,131000.0
2019-07-22,129500.0,126000.0,129500.0,126000.0,5041.0,126000.0
2019-07-23,128000.0,125000.0,125000.0,125000.0,5189.0,125000.0
2019-07-24,127000.0,121500.0,125500.0,122500.0,6787.0,122500.0
2019-07-25,122500.0,120000.0,122000.0,121500.0,4361.0,121500.0
2019-07-26,124500.0,121500.0,121500.0,122000.0,2928.0,122000.0
2019-07-29,123000.0,116000.0,123000.0,117000.0,3880.0,117000.0
2019-07-30,119000.0,115000.0,115500.0,117500.0,1878.0,117500.0
2019-07-31,121000.0,118500.0,119000.0,119500.0,2489.0,119500.0
2019-08-01,121000.0,116000.0,118500.0,119500.0,3079.0,119500.0
2019-08-05,120500.0,114000.0,117000.0,116000.0,4110.0,116000.0
